member_ref,mouvement,badge_key,palier,debloque
m013,squat,mv_squat_100,100,true
m013,squat,mv_squat_500,500,true
m013,squat,mv_squat_1000,1000,true
m013,squat,mv_squat_5000,5000,true
m013,deadlift,mv_deadlifts_100,100,true
m013,deadlift,mv_deadlifts_500,500,true
m013,deadlift,mv_deadlifts_1000,1000,true
m013,deadlift,mv_deadlifts_5000,5000,true
m013,pull_up,mv_pullup_100,100,true
m013,pull_up,mv_pullup_500,500,true
m013,pull_up,mv_pullup_1000,1000,true
m013,pull_up,mv_pullup_5000,5000,true
m013,double_under,mv_du_500,500,true
m013,double_under,mv_du_2000,2000,true
m013,double_under,mv_du_5000,5000,true
m013,wall_ball,mv_wallball_100,100,true
m013,wall_ball,mv_wallball_500,500,true
m013,wall_ball,mv_wallball_1000,1000,true
m013,clean_and_jerk,mv_cj_100,100,true
m013,clean_and_jerk,mv_cj_500,500,true
m013,toes_to_bar,mv_t2b_100,100,true
m013,toes_to_bar,mv_t2b_500,500,true
m013,hspu,mv_hspu_100,100,true
m013,ring_muscle_up,mv_ring_mu_50,50,false
m013,snatch,mv_snatch_100,100,false
m013,box_jump,mv_box_jump_100,100,false
m013,chest_to_bar,mv_c2b_100,100,false
m001,chest_to_bar,mv_c2b_100,100,true
m001,chest_to_bar,mv_c2b_500,500,true
m001,chest_to_bar,mv_c2b_1000,1000,true
m001,box_jump,mv_box_jump_100,100,true
m001,box_jump,mv_box_jump_500,500,true
m001,squat,mv_squat_100,100,true
m001,snatch,mv_snatch_100,100,true
m001,snatch,mv_snatch_500,500,true
m001,snatch,mv_snatch_1000,1000,true
m001,snatch,mv_snatch_5000,5000,true
m001,clean_and_jerk,mv_cj_100,100,true
m001,wall_ball,mv_wallball_100,100,true
m001,wall_ball,mv_wallball_500,500,true
m001,wall_ball,mv_wallball_1000,1000,true
m001,wall_ball,mv_wallball_5000,5000,true
m001,toes_to_bar,mv_t2b_100,100,true
m001,toes_to_bar,mv_t2b_500,500,true
m002,chest_to_bar,mv_c2b_100,100,true
m002,chest_to_bar,mv_c2b_500,500,true
m002,chest_to_bar,mv_c2b_1000,1000,true
m002,squat,mv_squat_100,100,true
m002,squat,mv_squat_500,500,true
m002,squat,mv_squat_1000,1000,true
m002,squat,mv_squat_5000,5000,true
m002,snatch,mv_snatch_100,100,true
m002,snatch,mv_snatch_500,500,true
m002,snatch,mv_snatch_1000,1000,true
m002,snatch,mv_snatch_5000,5000,true
m002,hspu,mv_hspu_100,100,true
m002,hspu,mv_hspu_500,500,true
m002,hspu,mv_hspu_1000,1000,true
m002,ring_muscle_up,mv_ring_mu_50,50,true
m002,ring_muscle_up,mv_ring_mu_200,200,true
m002,ring_muscle_up,mv_ring_mu_500,500,true
m002,wall_ball,mv_wallball_100,100,true
m002,wall_ball,mv_wallball_500,500,true
m002,clean_and_jerk,mv_cj_100,100,true
m002,clean_and_jerk,mv_cj_500,500,true
m002,clean_and_jerk,mv_cj_1000,1000,true
m002,clean_and_jerk,mv_cj_5000,5000,true
m003,toes_to_bar,mv_t2b_100,100,true
m003,toes_to_bar,mv_t2b_500,500,true
m003,toes_to_bar,mv_t2b_1000,1000,true
m003,box_jump,mv_box_jump_100,100,true
m003,box_jump,mv_box_jump_500,500,true
m003,pull_up,mv_pullup_100,100,true
m003,squat,mv_squat_100,100,true
m003,squat,mv_squat_500,500,true
m003,squat,mv_squat_1000,1000,true
m003,squat,mv_squat_5000,5000,true
m004,clean_and_jerk,mv_cj_100,100,true
m004,clean_and_jerk,mv_cj_500,500,true
m004,clean_and_jerk,mv_cj_1000,1000,true
m004,clean_and_jerk,mv_cj_5000,5000,true
m004,double_under,mv_du_500,500,true
m004,double_under,mv_du_2000,2000,true
m004,double_under,mv_du_5000,5000,true
m004,double_under,mv_du_10000,10000,true
m004,toes_to_bar,mv_t2b_100,100,true
m004,snatch,mv_snatch_100,100,true
m004,snatch,mv_snatch_500,500,true
m004,snatch,mv_snatch_1000,1000,true
m004,ring_muscle_up,mv_ring_mu_50,50,true
m005,ring_muscle_up,mv_ring_mu_50,50,true
m005,double_under,mv_du_500,500,true
m005,double_under,mv_du_2000,2000,true
m005,double_under,mv_du_5000,5000,true
m005,hspu,mv_hspu_100,100,true
m005,hspu,mv_hspu_500,500,true
m005,hspu,mv_hspu_1000,1000,true
m005,snatch,mv_snatch_100,100,true
m005,snatch,mv_snatch_500,500,true
m005,box_jump,mv_box_jump_100,100,true
m005,box_jump,mv_box_jump_500,500,true
m005,box_jump,mv_box_jump_1000,1000,true
m005,clean_and_jerk,mv_cj_100,100,true
m006,box_jump,mv_box_jump_100,100,true
m006,box_jump,mv_box_jump_500,500,true
m006,squat,mv_squat_100,100,true
m006,squat,mv_squat_500,500,true
m006,snatch,mv_snatch_100,100,true
m006,snatch,mv_snatch_500,500,true
m006,snatch,mv_snatch_1000,1000,true
m006,snatch,mv_snatch_5000,5000,true
m006,ring_muscle_up,mv_ring_mu_50,50,true
m006,wall_ball,mv_wallball_100,100,true
m006,wall_ball,mv_wallball_500,500,true
m006,wall_ball,mv_wallball_1000,1000,true
m006,wall_ball,mv_wallball_5000,5000,true
m006,pull_up,mv_pullup_100,100,true
m006,pull_up,mv_pullup_500,500,true
m006,pull_up,mv_pullup_1000,1000,true
m006,pull_up,mv_pullup_5000,5000,true
m006,hspu,mv_hspu_100,100,true
m007,hspu,mv_hspu_100,100,true
m007,hspu,mv_hspu_500,500,true
m007,hspu,mv_hspu_1000,1000,true
m007,chest_to_bar,mv_c2b_100,100,true
m007,chest_to_bar,mv_c2b_500,500,true
m007,box_jump,mv_box_jump_100,100,true
m007,box_jump,mv_box_jump_500,500,true
m007,snatch,mv_snatch_100,100,true
m007,snatch,mv_snatch_500,500,true
m008,squat,mv_squat_100,100,true
m008,wall_ball,mv_wallball_100,100,true
m009,chest_to_bar,mv_c2b_100,100,true
m009,chest_to_bar,mv_c2b_500,500,true
m009,chest_to_bar,mv_c2b_1000,1000,true
m009,toes_to_bar,mv_t2b_100,100,true
m009,toes_to_bar,mv_t2b_500,500,true
m009,toes_to_bar,mv_t2b_1000,1000,true
m009,snatch,mv_snatch_100,100,true
m009,snatch,mv_snatch_500,500,true
m009,snatch,mv_snatch_1000,1000,true
m009,snatch,mv_snatch_5000,5000,true
m010,double_under,mv_du_500,500,true
m010,double_under,mv_du_2000,2000,true
m010,snatch,mv_snatch_100,100,true
m010,snatch,mv_snatch_500,500,true
m010,deadlift,mv_deadlifts_100,100,true
m010,deadlift,mv_deadlifts_500,500,true
m010,deadlift,mv_deadlifts_1000,1000,true
m010,ring_muscle_up,mv_ring_mu_50,50,true
m010,ring_muscle_up,mv_ring_mu_200,200,true
m010,ring_muscle_up,mv_ring_mu_500,500,true
m010,clean_and_jerk,mv_cj_100,100,true
m010,clean_and_jerk,mv_cj_500,500,true
m011,hspu,mv_hspu_100,100,true
m011,hspu,mv_hspu_500,500,true
m011,hspu,mv_hspu_1000,1000,true
m011,double_under,mv_du_500,500,true
m012,clean_and_jerk,mv_cj_100,100,true
m012,clean_and_jerk,mv_cj_500,500,true
m012,clean_and_jerk,mv_cj_1000,1000,true
m012,hspu,mv_hspu_100,100,true
m012,hspu,mv_hspu_500,500,true
m012,deadlift,mv_deadlifts_100,100,true
m012,deadlift,mv_deadlifts_500,500,true
m012,deadlift,mv_deadlifts_1000,1000,true
m012,double_under,mv_du_500,500,true
m012,double_under,mv_du_2000,2000,true
m012,double_under,mv_du_5000,5000,true
m012,double_under,mv_du_10000,10000,true
m012,wall_ball,mv_wallball_100,100,true
m014,chest_to_bar,mv_c2b_100,100,true
m014,clean_and_jerk,mv_cj_100,100,true
m014,clean_and_jerk,mv_cj_500,500,true
m014,clean_and_jerk,mv_cj_1000,1000,true
m014,clean_and_jerk,mv_cj_5000,5000,true
m014,toes_to_bar,mv_t2b_100,100,true
m015,wall_ball,mv_wallball_100,100,true
m015,wall_ball,mv_wallball_500,500,true
m015,wall_ball,mv_wallball_1000,1000,true
m015,deadlift,mv_deadlifts_100,100,true
m015,deadlift,mv_deadlifts_500,500,true
m015,double_under,mv_du_500,500,true
m015,double_under,mv_du_2000,2000,true
m015,double_under,mv_du_5000,5000,true
m015,double_under,mv_du_10000,10000,true
m015,ring_muscle_up,mv_ring_mu_50,50,true
m015,ring_muscle_up,mv_ring_mu_200,200,true
m015,ring_muscle_up,mv_ring_mu_500,500,true
m016,double_under,mv_du_500,500,true
m016,double_under,mv_du_2000,2000,true
m016,double_under,mv_du_5000,5000,true
m016,double_under,mv_du_10000,10000,true
m016,pull_up,mv_pullup_100,100,true
m016,pull_up,mv_pullup_500,500,true
m016,pull_up,mv_pullup_1000,1000,true
m016,pull_up,mv_pullup_5000,5000,true
m016,squat,mv_squat_100,100,true
m016,toes_to_bar,mv_t2b_100,100,true
m016,toes_to_bar,mv_t2b_500,500,true
m016,toes_to_bar,mv_t2b_1000,1000,true
m017,box_jump,mv_box_jump_100,100,true
m017,box_jump,mv_box_jump_500,500,true
m017,chest_to_bar,mv_c2b_100,100,true
m018,deadlift,mv_deadlifts_100,100,true
m018,pull_up,mv_pullup_100,100,true
m018,pull_up,mv_pullup_500,500,true
m018,pull_up,mv_pullup_1000,1000,true
m019,toes_to_bar,mv_t2b_100,100,true
m019,wall_ball,mv_wallball_100,100,true
m019,wall_ball,mv_wallball_500,500,true
m019,wall_ball,mv_wallball_1000,1000,true
m019,wall_ball,mv_wallball_5000,5000,true
m019,ring_muscle_up,mv_ring_mu_50,50,true
m019,ring_muscle_up,mv_ring_mu_200,200,true
m019,ring_muscle_up,mv_ring_mu_500,500,true
m019,pull_up,mv_pullup_100,100,true
m019,pull_up,mv_pullup_500,500,true
m019,pull_up,mv_pullup_1000,1000,true
m019,pull_up,mv_pullup_5000,5000,true
m019,snatch,mv_snatch_100,100,true
m019,snatch,mv_snatch_500,500,true
m019,snatch,mv_snatch_1000,1000,true
m019,squat,mv_squat_100,100,true
m019,squat,mv_squat_500,500,true
m019,squat,mv_squat_1000,1000,true
m020,ring_muscle_up,mv_ring_mu_50,50,true
m020,toes_to_bar,mv_t2b_100,100,true
m020,toes_to_bar,mv_t2b_500,500,true
m020,toes_to_bar,mv_t2b_1000,1000,true
m021,toes_to_bar,mv_t2b_100,100,true
m021,toes_to_bar,mv_t2b_500,500,true
m021,toes_to_bar,mv_t2b_1000,1000,true
m021,pull_up,mv_pullup_100,100,true
m021,pull_up,mv_pullup_500,500,true
m021,pull_up,mv_pullup_1000,1000,true
m021,pull_up,mv_pullup_5000,5000,true
m021,deadlift,mv_deadlifts_100,100,true
m021,deadlift,mv_deadlifts_500,500,true
m021,squat,mv_squat_100,100,true
m021,squat,mv_squat_500,500,true
m021,squat,mv_squat_1000,1000,true
m021,clean_and_jerk,mv_cj_100,100,true
m021,clean_and_jerk,mv_cj_500,500,true
m021,clean_and_jerk,mv_cj_1000,1000,true
m021,clean_and_jerk,mv_cj_5000,5000,true
m022,box_jump,mv_box_jump_100,100,true
m022,toes_to_bar,mv_t2b_100,100,true
m022,toes_to_bar,mv_t2b_500,500,true
m022,deadlift,mv_deadlifts_100,100,true
m022,deadlift,mv_deadlifts_500,500,true
m022,deadlift,mv_deadlifts_1000,1000,true
m023,wall_ball,mv_wallball_100,100,true
m023,wall_ball,mv_wallball_500,500,true
m023,squat,mv_squat_100,100,true
m023,squat,mv_squat_500,500,true
m023,squat,mv_squat_1000,1000,true
m024,deadlift,mv_deadlifts_100,100,true
m024,deadlift,mv_deadlifts_500,500,true
m024,box_jump,mv_box_jump_100,100,true
m024,box_jump,mv_box_jump_500,500,true
m024,box_jump,mv_box_jump_1000,1000,true
m025,wall_ball,mv_wallball_100,100,true
m025,wall_ball,mv_wallball_500,500,true
m025,wall_ball,mv_wallball_1000,1000,true
m025,wall_ball,mv_wallball_5000,5000,true
m025,double_under,mv_du_500,500,true
m025,double_under,mv_du_2000,2000,true
m025,double_under,mv_du_5000,5000,true
m025,double_under,mv_du_10000,10000,true
m025,clean_and_jerk,mv_cj_100,100,true
m025,clean_and_jerk,mv_cj_500,500,true
m025,snatch,mv_snatch_100,100,true
m025,snatch,mv_snatch_500,500,true
m025,snatch,mv_snatch_1000,1000,true
m025,snatch,mv_snatch_5000,5000,true
m025,deadlift,mv_deadlifts_100,100,true
m025,deadlift,mv_deadlifts_500,500,true
m025,ring_muscle_up,mv_ring_mu_50,50,true
m025,ring_muscle_up,mv_ring_mu_200,200,true
m025,ring_muscle_up,mv_ring_mu_500,500,true
m026,double_under,mv_du_500,500,true
m026,double_under,mv_du_2000,2000,true
m026,double_under,mv_du_5000,5000,true
m026,double_under,mv_du_10000,10000,true
m026,toes_to_bar,mv_t2b_100,100,true
m026,toes_to_bar,mv_t2b_500,500,true
m026,toes_to_bar,mv_t2b_1000,1000,true
m026,box_jump,mv_box_jump_100,100,true
m026,box_jump,mv_box_jump_500,500,true
m026,squat,mv_squat_100,100,true
m026,clean_and_jerk,mv_cj_100,100,true
m026,clean_and_jerk,mv_cj_500,500,true
m026,deadlift,mv_deadlifts_100,100,true
m026,hspu,mv_hspu_100,100,true
m026,hspu,mv_hspu_500,500,true
m026,hspu,mv_hspu_1000,1000,true
m027,hspu,mv_hspu_100,100,true
m027,toes_to_bar,mv_t2b_100,100,true
m027,toes_to_bar,mv_t2b_500,500,true
m027,toes_to_bar,mv_t2b_1000,1000,true
m027,snatch,mv_snatch_100,100,true
m027,snatch,mv_snatch_500,500,true
m028,deadlift,mv_deadlifts_100,100,true
m028,deadlift,mv_deadlifts_500,500,true
m028,deadlift,mv_deadlifts_1000,1000,true
m028,deadlift,mv_deadlifts_5000,5000,true
m028,pull_up,mv_pullup_100,100,true
m028,box_jump,mv_box_jump_100,100,true
m028,box_jump,mv_box_jump_500,500,true
m028,box_jump,mv_box_jump_1000,1000,true
m028,hspu,mv_hspu_100,100,true
m028,hspu,mv_hspu_500,500,true
m028,hspu,mv_hspu_1000,1000,true
m028,chest_to_bar,mv_c2b_100,100,true
m028,ring_muscle_up,mv_ring_mu_50,50,true
m028,ring_muscle_up,mv_ring_mu_200,200,true
m028,ring_muscle_up,mv_ring_mu_500,500,true
m028,toes_to_bar,mv_t2b_100,100,true
m028,toes_to_bar,mv_t2b_500,500,true
m029,box_jump,mv_box_jump_100,100,true
m029,box_jump,mv_box_jump_500,500,true
m029,snatch,mv_snatch_100,100,true
m029,snatch,mv_snatch_500,500,true
m029,snatch,mv_snatch_1000,1000,true
m029,snatch,mv_snatch_5000,5000,true
m029,clean_and_jerk,mv_cj_100,100,true
m029,clean_and_jerk,mv_cj_500,500,true
m029,clean_and_jerk,mv_cj_1000,1000,true
m029,clean_and_jerk,mv_cj_5000,5000,true
m029,double_under,mv_du_500,500,true
m029,double_under,mv_du_2000,2000,true
m029,double_under,mv_du_5000,5000,true
m029,double_under,mv_du_10000,10000,true
m030,ring_muscle_up,mv_ring_mu_50,50,true
m030,ring_muscle_up,mv_ring_mu_200,200,true
m030,wall_ball,mv_wallball_100,100,true
m030,wall_ball,mv_wallball_500,500,true
m030,wall_ball,mv_wallball_1000,1000,true
m030,pull_up,mv_pullup_100,100,true
m030,pull_up,mv_pullup_500,500,true
m030,box_jump,mv_box_jump_100,100,true
m030,box_jump,mv_box_jump_500,500,true
m030,box_jump,mv_box_jump_1000,1000,true
m030,clean_and_jerk,mv_cj_100,100,true
m030,clean_and_jerk,mv_cj_500,500,true
m030,clean_and_jerk,mv_cj_1000,1000,true
m030,toes_to_bar,mv_t2b_100,100,true
m030,toes_to_bar,mv_t2b_500,500,true
m030,toes_to_bar,mv_t2b_1000,1000,true
m030,snatch,mv_snatch_100,100,true
m030,snatch,mv_snatch_500,500,true
m030,snatch,mv_snatch_1000,1000,true
m031,pull_up,mv_pullup_100,100,true
m031,ring_muscle_up,mv_ring_mu_50,50,true
m031,ring_muscle_up,mv_ring_mu_200,200,true
m031,ring_muscle_up,mv_ring_mu_500,500,true
m031,double_under,mv_du_500,500,true
m031,double_under,mv_du_2000,2000,true
m031,double_under,mv_du_5000,5000,true
m031,double_under,mv_du_10000,10000,true
m031,deadlift,mv_deadlifts_100,100,true
m031,deadlift,mv_deadlifts_500,500,true
m031,snatch,mv_snatch_100,100,true
m031,snatch,mv_snatch_500,500,true
m031,clean_and_jerk,mv_cj_100,100,true
m031,clean_and_jerk,mv_cj_500,500,true
m031,clean_and_jerk,mv_cj_1000,1000,true
m031,clean_and_jerk,mv_cj_5000,5000,true
m032,ring_muscle_up,mv_ring_mu_50,50,true
m032,chest_to_bar,mv_c2b_100,100,true
m032,wall_ball,mv_wallball_100,100,true
m032,wall_ball,mv_wallball_500,500,true
m032,toes_to_bar,mv_t2b_100,100,true
m032,toes_to_bar,mv_t2b_500,500,true
m032,toes_to_bar,mv_t2b_1000,1000,true
m032,squat,mv_squat_100,100,true
m032,squat,mv_squat_500,500,true
m032,squat,mv_squat_1000,1000,true
m032,squat,mv_squat_5000,5000,true
m032,clean_and_jerk,mv_cj_100,100,true
m032,clean_and_jerk,mv_cj_500,500,true
m032,clean_and_jerk,mv_cj_1000,1000,true
m032,clean_and_jerk,mv_cj_5000,5000,true
m032,box_jump,mv_box_jump_100,100,true
m032,box_jump,mv_box_jump_500,500,true
m032,box_jump,mv_box_jump_1000,1000,true
m033,hspu,mv_hspu_100,100,true
m033,hspu,mv_hspu_500,500,true
m033,hspu,mv_hspu_1000,1000,true
m033,double_under,mv_du_500,500,true
m033,double_under,mv_du_2000,2000,true
m033,double_under,mv_du_5000,5000,true
m033,double_under,mv_du_10000,10000,true
m033,wall_ball,mv_wallball_100,100,true
m033,wall_ball,mv_wallball_500,500,true
m033,pull_up,mv_pullup_100,100,true
m033,pull_up,mv_pullup_500,500,true
m033,pull_up,mv_pullup_1000,1000,true
m033,pull_up,mv_pullup_5000,5000,true
m033,chest_to_bar,mv_c2b_100,100,true
m033,chest_to_bar,mv_c2b_500,500,true
m033,chest_to_bar,mv_c2b_1000,1000,true
m034,clean_and_jerk,mv_cj_100,100,true
m034,snatch,mv_snatch_100,100,true
m034,snatch,mv_snatch_500,500,true
m034,snatch,mv_snatch_1000,1000,true
m034,squat,mv_squat_100,100,true
m034,squat,mv_squat_500,500,true
m034,squat,mv_squat_1000,1000,true
m034,squat,mv_squat_5000,5000,true
m034,pull_up,mv_pullup_100,100,true
m035,ring_muscle_up,mv_ring_mu_50,50,true
m035,ring_muscle_up,mv_ring_mu_200,200,true
m035,ring_muscle_up,mv_ring_mu_500,500,true
m035,hspu,mv_hspu_100,100,true
m035,hspu,mv_hspu_500,500,true
m035,hspu,mv_hspu_1000,1000,true
m035,toes_to_bar,mv_t2b_100,100,true
m035,pull_up,mv_pullup_100,100,true
m035,pull_up,mv_pullup_500,500,true
m035,pull_up,mv_pullup_1000,1000,true
m035,clean_and_jerk,mv_cj_100,100,true
m035,clean_and_jerk,mv_cj_500,500,true
m036,clean_and_jerk,mv_cj_100,100,true
m036,clean_and_jerk,mv_cj_500,500,true
m036,clean_and_jerk,mv_cj_1000,1000,true
m036,clean_and_jerk,mv_cj_5000,5000,true
m036,box_jump,mv_box_jump_100,100,true
m036,box_jump,mv_box_jump_500,500,true
m036,box_jump,mv_box_jump_1000,1000,true
m036,deadlift,mv_deadlifts_100,100,true
m036,deadlift,mv_deadlifts_500,500,true
m036,deadlift,mv_deadlifts_1000,1000,true
m036,ring_muscle_up,mv_ring_mu_50,50,true
m036,ring_muscle_up,mv_ring_mu_200,200,true
m036,ring_muscle_up,mv_ring_mu_500,500,true
m037,pull_up,mv_pullup_100,100,true
m037,pull_up,mv_pullup_500,500,true
m037,pull_up,mv_pullup_1000,1000,true
m037,squat,mv_squat_100,100,true
m037,squat,mv_squat_500,500,true
m037,squat,mv_squat_1000,1000,true
m037,squat,mv_squat_5000,5000,true
m037,hspu,mv_hspu_100,100,true
m037,hspu,mv_hspu_500,500,true
m037,hspu,mv_hspu_1000,1000,true
m037,wall_ball,mv_wallball_100,100,true
m037,wall_ball,mv_wallball_500,500,true
m037,wall_ball,mv_wallball_1000,1000,true
m037,wall_ball,mv_wallball_5000,5000,true
m038,hspu,mv_hspu_100,100,true
m038,hspu,mv_hspu_500,500,true
m038,box_jump,mv_box_jump_100,100,true
m038,box_jump,mv_box_jump_500,500,true
m038,clean_and_jerk,mv_cj_100,100,true
m038,clean_and_jerk,mv_cj_500,500,true
m038,clean_and_jerk,mv_cj_1000,1000,true
m038,clean_and_jerk,mv_cj_5000,5000,true
m038,toes_to_bar,mv_t2b_100,100,true
m038,toes_to_bar,mv_t2b_500,500,true
m038,squat,mv_squat_100,100,true
m038,squat,mv_squat_500,500,true
m038,chest_to_bar,mv_c2b_100,100,true
m038,chest_to_bar,mv_c2b_500,500,true
m039,double_under,mv_du_500,500,true
m039,double_under,mv_du_2000,2000,true
m039,double_under,mv_du_5000,5000,true
m039,wall_ball,mv_wallball_100,100,true
m039,wall_ball,mv_wallball_500,500,true
m039,toes_to_bar,mv_t2b_100,100,true
m039,toes_to_bar,mv_t2b_500,500,true
m039,pull_up,mv_pullup_100,100,true
m039,hspu,mv_hspu_100,100,true
m040,box_jump,mv_box_jump_100,100,true
m040,box_jump,mv_box_jump_500,500,true
m040,box_jump,mv_box_jump_1000,1000,true
m040,snatch,mv_snatch_100,100,true
m040,snatch,mv_snatch_500,500,true
m040,snatch,mv_snatch_1000,1000,true
m040,snatch,mv_snatch_5000,5000,true
m040,double_under,mv_du_500,500,true
m040,double_under,mv_du_2000,2000,true
m040,double_under,mv_du_5000,5000,true
m040,double_under,mv_du_10000,10000,true
m040,ring_muscle_up,mv_ring_mu_50,50,true
m040,hspu,mv_hspu_100,100,true
m040,hspu,mv_hspu_500,500,true
m040,wall_ball,mv_wallball_100,100,true
m041,ring_muscle_up,mv_ring_mu_50,50,true
m041,ring_muscle_up,mv_ring_mu_200,200,true
m041,ring_muscle_up,mv_ring_mu_500,500,true
m041,snatch,mv_snatch_100,100,true
m042,hspu,mv_hspu_100,100,true
m042,hspu,mv_hspu_500,500,true
m042,chest_to_bar,mv_c2b_100,100,true
m042,chest_to_bar,mv_c2b_500,500,true
m042,chest_to_bar,mv_c2b_1000,1000,true
m042,ring_muscle_up,mv_ring_mu_50,50,true
m042,clean_and_jerk,mv_cj_100,100,true
m042,clean_and_jerk,mv_cj_500,500,true
m042,clean_and_jerk,mv_cj_1000,1000,true
m043,toes_to_bar,mv_t2b_100,100,true
m043,wall_ball,mv_wallball_100,100,true
m044,deadlift,mv_deadlifts_100,100,true
m044,deadlift,mv_deadlifts_500,500,true
m044,deadlift,mv_deadlifts_1000,1000,true
m044,toes_to_bar,mv_t2b_100,100,true
m044,toes_to_bar,mv_t2b_500,500,true
m044,toes_to_bar,mv_t2b_1000,1000,true
m044,wall_ball,mv_wallball_100,100,true
m044,wall_ball,mv_wallball_500,500,true
m044,wall_ball,mv_wallball_1000,1000,true
m044,snatch,mv_snatch_100,100,true
m044,snatch,mv_snatch_500,500,true
m044,pull_up,mv_pullup_100,100,true
m044,double_under,mv_du_500,500,true
m044,double_under,mv_du_2000,2000,true
m044,double_under,mv_du_5000,5000,true
m044,double_under,mv_du_10000,10000,true
m044,clean_and_jerk,mv_cj_100,100,true
m045,squat,mv_squat_100,100,true
m045,squat,mv_squat_500,500,true
m045,squat,mv_squat_1000,1000,true
m045,clean_and_jerk,mv_cj_100,100,true
m045,clean_and_jerk,mv_cj_500,500,true
m045,clean_and_jerk,mv_cj_1000,1000,true
m045,clean_and_jerk,mv_cj_5000,5000,true
m045,toes_to_bar,mv_t2b_100,100,true
m045,toes_to_bar,mv_t2b_500,500,true
m045,double_under,mv_du_500,500,true
m045,double_under,mv_du_2000,2000,true
m045,double_under,mv_du_5000,5000,true
m045,snatch,mv_snatch_100,100,true
m045,ring_muscle_up,mv_ring_mu_50,50,true
m045,ring_muscle_up,mv_ring_mu_200,200,true
m046,chest_to_bar,mv_c2b_100,100,true
m046,clean_and_jerk,mv_cj_100,100,true
m046,double_under,mv_du_500,500,true
m046,box_jump,mv_box_jump_100,100,true
m046,box_jump,mv_box_jump_500,500,true
m047,chest_to_bar,mv_c2b_100,100,true
m047,chest_to_bar,mv_c2b_500,500,true
m047,chest_to_bar,mv_c2b_1000,1000,true
m047,squat,mv_squat_100,100,true
m047,squat,mv_squat_500,500,true
m047,squat,mv_squat_1000,1000,true
m047,squat,mv_squat_5000,5000,true
m048,pull_up,mv_pullup_100,100,true
m048,pull_up,mv_pullup_500,500,true
m048,pull_up,mv_pullup_1000,1000,true
m048,chest_to_bar,mv_c2b_100,100,true
m048,chest_to_bar,mv_c2b_500,500,true
m048,snatch,mv_snatch_100,100,true
m048,toes_to_bar,mv_t2b_100,100,true
m048,toes_to_bar,mv_t2b_500,500,true
m048,ring_muscle_up,mv_ring_mu_50,50,true
m048,ring_muscle_up,mv_ring_mu_200,200,true
m048,ring_muscle_up,mv_ring_mu_500,500,true
m049,wall_ball,mv_wallball_100,100,true
m049,wall_ball,mv_wallball_500,500,true
m049,wall_ball,mv_wallball_1000,1000,true
m049,snatch,mv_snatch_100,100,true
m049,snatch,mv_snatch_500,500,true
m049,snatch,mv_snatch_1000,1000,true
m049,toes_to_bar,mv_t2b_100,100,true
m049,toes_to_bar,mv_t2b_500,500,true
m049,toes_to_bar,mv_t2b_1000,1000,true
m049,squat,mv_squat_100,100,true
m049,squat,mv_squat_500,500,true
m049,squat,mv_squat_1000,1000,true
m049,squat,mv_squat_5000,5000,true
m050,chest_to_bar,mv_c2b_100,100,true
m050,chest_to_bar,mv_c2b_500,500,true
m050,chest_to_bar,mv_c2b_1000,1000,true
m050,deadlift,mv_deadlifts_100,100,true
m050,deadlift,mv_deadlifts_500,500,true
m050,wall_ball,mv_wallball_100,100,true
m050,wall_ball,mv_wallball_500,500,true
m050,wall_ball,mv_wallball_1000,1000,true
m050,wall_ball,mv_wallball_5000,5000,true
m050,ring_muscle_up,mv_ring_mu_50,50,true
m050,ring_muscle_up,mv_ring_mu_200,200,true
m050,ring_muscle_up,mv_ring_mu_500,500,true
m050,double_under,mv_du_500,500,true
m050,double_under,mv_du_2000,2000,true
m050,double_under,mv_du_5000,5000,true
m050,clean_and_jerk,mv_cj_100,100,true
m050,clean_and_jerk,mv_cj_500,500,true
m050,clean_and_jerk,mv_cj_1000,1000,true
m050,pull_up,mv_pullup_100,100,true
m050,pull_up,mv_pullup_500,500,true
m050,pull_up,mv_pullup_1000,1000,true
m050,pull_up,mv_pullup_5000,5000,true
m051,box_jump,mv_box_jump_100,100,true
m051,box_jump,mv_box_jump_500,500,true
m051,box_jump,mv_box_jump_1000,1000,true
m051,toes_to_bar,mv_t2b_100,100,true
m051,toes_to_bar,mv_t2b_500,500,true
m051,toes_to_bar,mv_t2b_1000,1000,true
m051,deadlift,mv_deadlifts_100,100,true
m051,clean_and_jerk,mv_cj_100,100,true
m051,clean_and_jerk,mv_cj_500,500,true
m051,clean_and_jerk,mv_cj_1000,1000,true
m052,chest_to_bar,mv_c2b_100,100,true
m052,chest_to_bar,mv_c2b_500,500,true
m052,ring_muscle_up,mv_ring_mu_50,50,true
m052,ring_muscle_up,mv_ring_mu_200,200,true
m052,ring_muscle_up,mv_ring_mu_500,500,true
m052,double_under,mv_du_500,500,true
m052,double_under,mv_du_2000,2000,true
m052,double_under,mv_du_5000,5000,true
m052,double_under,mv_du_10000,10000,true
m052,squat,mv_squat_100,100,true
m052,squat,mv_squat_500,500,true
m052,squat,mv_squat_1000,1000,true
m053,double_under,mv_du_500,500,true
m053,double_under,mv_du_2000,2000,true
m053,double_under,mv_du_5000,5000,true
m053,double_under,mv_du_10000,10000,true
m053,squat,mv_squat_100,100,true
m054,wall_ball,mv_wallball_100,100,true
m054,wall_ball,mv_wallball_500,500,true
m054,wall_ball,mv_wallball_1000,1000,true
m054,wall_ball,mv_wallball_5000,5000,true
m054,clean_and_jerk,mv_cj_100,100,true
m054,clean_and_jerk,mv_cj_500,500,true
m054,deadlift,mv_deadlifts_100,100,true
m054,deadlift,mv_deadlifts_500,500,true
m055,toes_to_bar,mv_t2b_100,100,true
m055,toes_to_bar,mv_t2b_500,500,true
m055,toes_to_bar,mv_t2b_1000,1000,true
m055,hspu,mv_hspu_100,100,true
m055,hspu,mv_hspu_500,500,true
m055,clean_and_jerk,mv_cj_100,100,true
m055,clean_and_jerk,mv_cj_500,500,true
m055,clean_and_jerk,mv_cj_1000,1000,true
m055,clean_and_jerk,mv_cj_5000,5000,true
m055,double_under,mv_du_500,500,true
m055,double_under,mv_du_2000,2000,true
m055,chest_to_bar,mv_c2b_100,100,true
m055,chest_to_bar,mv_c2b_500,500,true
m055,chest_to_bar,mv_c2b_1000,1000,true
m055,deadlift,mv_deadlifts_100,100,true
m055,deadlift,mv_deadlifts_500,500,true
m055,snatch,mv_snatch_100,100,true
m055,snatch,mv_snatch_500,500,true
m055,snatch,mv_snatch_1000,1000,true
m055,snatch,mv_snatch_5000,5000,true
m056,toes_to_bar,mv_t2b_100,100,true
m056,toes_to_bar,mv_t2b_500,500,true
m056,squat,mv_squat_100,100,true
m056,squat,mv_squat_500,500,true
m056,squat,mv_squat_1000,1000,true
m056,squat,mv_squat_5000,5000,true
m056,pull_up,mv_pullup_100,100,true
m056,hspu,mv_hspu_100,100,true
m056,hspu,mv_hspu_500,500,true
m056,hspu,mv_hspu_1000,1000,true
m056,double_under,mv_du_500,500,true
m056,double_under,mv_du_2000,2000,true
m056,double_under,mv_du_5000,5000,true
m056,snatch,mv_snatch_100,100,true
m056,snatch,mv_snatch_500,500,true
m056,clean_and_jerk,mv_cj_100,100,true
m056,clean_and_jerk,mv_cj_500,500,true
m057,double_under,mv_du_500,500,true
m057,wall_ball,mv_wallball_100,100,true
m057,wall_ball,mv_wallball_500,500,true
m057,squat,mv_squat_100,100,true
m058,wall_ball,mv_wallball_100,100,true
m058,wall_ball,mv_wallball_500,500,true
m058,double_under,mv_du_500,500,true
m058,double_under,mv_du_2000,2000,true
m058,hspu,mv_hspu_100,100,true
m058,hspu,mv_hspu_500,500,true
m058,hspu,mv_hspu_1000,1000,true
m058,ring_muscle_up,mv_ring_mu_50,50,true
m058,ring_muscle_up,mv_ring_mu_200,200,true
m058,toes_to_bar,mv_t2b_100,100,true
m058,toes_to_bar,mv_t2b_500,500,true
m058,toes_to_bar,mv_t2b_1000,1000,true
m059,wall_ball,mv_wallball_100,100,true
m059,squat,mv_squat_100,100,true
m059,clean_and_jerk,mv_cj_100,100,true
m059,clean_and_jerk,mv_cj_500,500,true
m059,clean_and_jerk,mv_cj_1000,1000,true
m059,clean_and_jerk,mv_cj_5000,5000,true
m060,box_jump,mv_box_jump_100,100,true
m060,box_jump,mv_box_jump_500,500,true
m060,box_jump,mv_box_jump_1000,1000,true
m060,deadlift,mv_deadlifts_100,100,true
m060,deadlift,mv_deadlifts_500,500,true
m060,deadlift,mv_deadlifts_1000,1000,true
m060,squat,mv_squat_100,100,true
m060,squat,mv_squat_500,500,true
m060,squat,mv_squat_1000,1000,true
m060,snatch,mv_snatch_100,100,true
m060,snatch,mv_snatch_500,500,true
m060,chest_to_bar,mv_c2b_100,100,true
m061,clean_and_jerk,mv_cj_100,100,true
m061,clean_and_jerk,mv_cj_500,500,true
m061,clean_and_jerk,mv_cj_1000,1000,true
m061,pull_up,mv_pullup_100,100,true
m061,pull_up,mv_pullup_500,500,true
m061,pull_up,mv_pullup_1000,1000,true
m061,pull_up,mv_pullup_5000,5000,true
m061,chest_to_bar,mv_c2b_100,100,true
m061,chest_to_bar,mv_c2b_500,500,true
m061,chest_to_bar,mv_c2b_1000,1000,true
m062,squat,mv_squat_100,100,true
m062,wall_ball,mv_wallball_100,100,true
m062,wall_ball,mv_wallball_500,500,true
m062,wall_ball,mv_wallball_1000,1000,true
m062,wall_ball,mv_wallball_5000,5000,true
m063,ring_muscle_up,mv_ring_mu_50,50,true
m063,ring_muscle_up,mv_ring_mu_200,200,true
m063,ring_muscle_up,mv_ring_mu_500,500,true
m063,wall_ball,mv_wallball_100,100,true
m063,wall_ball,mv_wallball_500,500,true
m063,wall_ball,mv_wallball_1000,1000,true
m063,wall_ball,mv_wallball_5000,5000,true
m064,chest_to_bar,mv_c2b_100,100,true
m064,ring_muscle_up,mv_ring_mu_50,50,true
m064,ring_muscle_up,mv_ring_mu_200,200,true
m064,ring_muscle_up,mv_ring_mu_500,500,true
m064,box_jump,mv_box_jump_100,100,true
m064,double_under,mv_du_500,500,true
m064,double_under,mv_du_2000,2000,true
m064,double_under,mv_du_5000,5000,true
m064,double_under,mv_du_10000,10000,true
m064,pull_up,mv_pullup_100,100,true
m064,pull_up,mv_pullup_500,500,true
m064,pull_up,mv_pullup_1000,1000,true
m064,pull_up,mv_pullup_5000,5000,true
m064,toes_to_bar,mv_t2b_100,100,true
m064,toes_to_bar,mv_t2b_500,500,true
m064,toes_to_bar,mv_t2b_1000,1000,true
m065,snatch,mv_snatch_100,100,true
m065,snatch,mv_snatch_500,500,true
m065,snatch,mv_snatch_1000,1000,true
m065,snatch,mv_snatch_5000,5000,true
m065,chest_to_bar,mv_c2b_100,100,true
m065,chest_to_bar,mv_c2b_500,500,true
m065,chest_to_bar,mv_c2b_1000,1000,true
m066,box_jump,mv_box_jump_100,100,true
m066,box_jump,mv_box_jump_500,500,true
m066,box_jump,mv_box_jump_1000,1000,true
m066,toes_to_bar,mv_t2b_100,100,true
m066,pull_up,mv_pullup_100,100,true
m067,ring_muscle_up,mv_ring_mu_50,50,true
m067,ring_muscle_up,mv_ring_mu_200,200,true
m067,toes_to_bar,mv_t2b_100,100,true
m067,toes_to_bar,mv_t2b_500,500,true
m067,toes_to_bar,mv_t2b_1000,1000,true
m068,toes_to_bar,mv_t2b_100,100,true
m068,toes_to_bar,mv_t2b_500,500,true
m068,toes_to_bar,mv_t2b_1000,1000,true
m068,wall_ball,mv_wallball_100,100,true
m068,wall_ball,mv_wallball_500,500,true
m068,wall_ball,mv_wallball_1000,1000,true
m068,wall_ball,mv_wallball_5000,5000,true
m068,hspu,mv_hspu_100,100,true
m068,hspu,mv_hspu_500,500,true
m068,hspu,mv_hspu_1000,1000,true
m068,chest_to_bar,mv_c2b_100,100,true
m068,box_jump,mv_box_jump_100,100,true
m068,box_jump,mv_box_jump_500,500,true
m068,box_jump,mv_box_jump_1000,1000,true
m068,ring_muscle_up,mv_ring_mu_50,50,true
m068,snatch,mv_snatch_100,100,true
m068,snatch,mv_snatch_500,500,true
m068,snatch,mv_snatch_1000,1000,true
m068,snatch,mv_snatch_5000,5000,true
m069,clean_and_jerk,mv_cj_100,100,true
m069,clean_and_jerk,mv_cj_500,500,true
m069,wall_ball,mv_wallball_100,100,true
m069,wall_ball,mv_wallball_500,500,true
m069,wall_ball,mv_wallball_1000,1000,true
m069,toes_to_bar,mv_t2b_100,100,true
m069,toes_to_bar,mv_t2b_500,500,true
m069,toes_to_bar,mv_t2b_1000,1000,true
m069,snatch,mv_snatch_100,100,true
m069,snatch,mv_snatch_500,500,true
m069,snatch,mv_snatch_1000,1000,true
m069,snatch,mv_snatch_5000,5000,true
m070,chest_to_bar,mv_c2b_100,100,true
m070,chest_to_bar,mv_c2b_500,500,true
m070,box_jump,mv_box_jump_100,100,true
m070,box_jump,mv_box_jump_500,500,true
m070,box_jump,mv_box_jump_1000,1000,true
m070,squat,mv_squat_100,100,true
m070,squat,mv_squat_500,500,true
m070,squat,mv_squat_1000,1000,true
m070,squat,mv_squat_5000,5000,true
m070,hspu,mv_hspu_100,100,true
m070,hspu,mv_hspu_500,500,true
m070,hspu,mv_hspu_1000,1000,true
m070,ring_muscle_up,mv_ring_mu_50,50,true
m070,ring_muscle_up,mv_ring_mu_200,200,true
m070,ring_muscle_up,mv_ring_mu_500,500,true
m070,clean_and_jerk,mv_cj_100,100,true
m070,clean_and_jerk,mv_cj_500,500,true
m070,clean_and_jerk,mv_cj_1000,1000,true
m070,clean_and_jerk,mv_cj_5000,5000,true
m071,toes_to_bar,mv_t2b_100,100,true
m071,clean_and_jerk,mv_cj_100,100,true
m071,squat,mv_squat_100,100,true
m071,pull_up,mv_pullup_100,100,true
m072,snatch,mv_snatch_100,100,true
m072,snatch,mv_snatch_500,500,true
m072,snatch,mv_snatch_1000,1000,true
m072,snatch,mv_snatch_5000,5000,true
m072,clean_and_jerk,mv_cj_100,100,true
m072,pull_up,mv_pullup_100,100,true
m072,box_jump,mv_box_jump_100,100,true
m072,box_jump,mv_box_jump_500,500,true
m072,box_jump,mv_box_jump_1000,1000,true
m072,ring_muscle_up,mv_ring_mu_50,50,true
m072,ring_muscle_up,mv_ring_mu_200,200,true
m072,ring_muscle_up,mv_ring_mu_500,500,true
m072,deadlift,mv_deadlifts_100,100,true
m072,deadlift,mv_deadlifts_500,500,true
m072,deadlift,mv_deadlifts_1000,1000,true
m073,pull_up,mv_pullup_100,100,true
m073,pull_up,mv_pullup_500,500,true
m073,double_under,mv_du_500,500,true
m073,double_under,mv_du_2000,2000,true
m073,double_under,mv_du_5000,5000,true
m073,double_under,mv_du_10000,10000,true
m073,deadlift,mv_deadlifts_100,100,true
m073,deadlift,mv_deadlifts_500,500,true
m073,deadlift,mv_deadlifts_1000,1000,true
m073,deadlift,mv_deadlifts_5000,5000,true
m073,chest_to_bar,mv_c2b_100,100,true
m074,hspu,mv_hspu_100,100,true
m074,hspu,mv_hspu_500,500,true
m074,hspu,mv_hspu_1000,1000,true
m074,pull_up,mv_pullup_100,100,true
m074,pull_up,mv_pullup_500,500,true
m074,pull_up,mv_pullup_1000,1000,true
m074,pull_up,mv_pullup_5000,5000,true
m074,ring_muscle_up,mv_ring_mu_50,50,true
m074,squat,mv_squat_100,100,true
m074,squat,mv_squat_500,500,true
m074,squat,mv_squat_1000,1000,true
m074,squat,mv_squat_5000,5000,true
m074,double_under,mv_du_500,500,true
m074,double_under,mv_du_2000,2000,true
m074,deadlift,mv_deadlifts_100,100,true
m074,deadlift,mv_deadlifts_500,500,true
m074,deadlift,mv_deadlifts_1000,1000,true
m074,deadlift,mv_deadlifts_5000,5000,true
m075,deadlift,mv_deadlifts_100,100,true
m075,deadlift,mv_deadlifts_500,500,true
m075,deadlift,mv_deadlifts_1000,1000,true
m075,deadlift,mv_deadlifts_5000,5000,true
m075,wall_ball,mv_wallball_100,100,true
m075,wall_ball,mv_wallball_500,500,true
m075,wall_ball,mv_wallball_1000,1000,true
m075,wall_ball,mv_wallball_5000,5000,true
m075,pull_up,mv_pullup_100,100,true
m075,pull_up,mv_pullup_500,500,true
m076,toes_to_bar,mv_t2b_100,100,true
m076,toes_to_bar,mv_t2b_500,500,true
m076,toes_to_bar,mv_t2b_1000,1000,true
m076,snatch,mv_snatch_100,100,true
m076,snatch,mv_snatch_500,500,true
m076,snatch,mv_snatch_1000,1000,true
m077,snatch,mv_snatch_100,100,true
m077,snatch,mv_snatch_500,500,true
m077,pull_up,mv_pullup_100,100,true
m077,double_under,mv_du_500,500,true
m077,double_under,mv_du_2000,2000,true
m077,double_under,mv_du_5000,5000,true
m077,ring_muscle_up,mv_ring_mu_50,50,true
m077,ring_muscle_up,mv_ring_mu_200,200,true
m077,ring_muscle_up,mv_ring_mu_500,500,true
m077,hspu,mv_hspu_100,100,true
m077,hspu,mv_hspu_500,500,true
m077,hspu,mv_hspu_1000,1000,true
m077,chest_to_bar,mv_c2b_100,100,true
m077,chest_to_bar,mv_c2b_500,500,true
m077,chest_to_bar,mv_c2b_1000,1000,true
m077,squat,mv_squat_100,100,true
m077,squat,mv_squat_500,500,true
m077,squat,mv_squat_1000,1000,true
m077,squat,mv_squat_5000,5000,true
m078,chest_to_bar,mv_c2b_100,100,true
m078,chest_to_bar,mv_c2b_500,500,true
m078,chest_to_bar,mv_c2b_1000,1000,true
m078,pull_up,mv_pullup_100,100,true
m078,toes_to_bar,mv_t2b_100,100,true
m078,toes_to_bar,mv_t2b_500,500,true
m078,toes_to_bar,mv_t2b_1000,1000,true
m078,snatch,mv_snatch_100,100,true
m078,squat,mv_squat_100,100,true
m078,squat,mv_squat_500,500,true
m078,wall_ball,mv_wallball_100,100,true
m078,wall_ball,mv_wallball_500,500,true
m078,wall_ball,mv_wallball_1000,1000,true
m078,wall_ball,mv_wallball_5000,5000,true
m079,hspu,mv_hspu_100,100,true
m079,hspu,mv_hspu_500,500,true
m079,chest_to_bar,mv_c2b_100,100,true
m079,chest_to_bar,mv_c2b_500,500,true
m079,chest_to_bar,mv_c2b_1000,1000,true
m079,squat,mv_squat_100,100,true
m079,squat,mv_squat_500,500,true
m079,squat,mv_squat_1000,1000,true
m079,deadlift,mv_deadlifts_100,100,true
m079,deadlift,mv_deadlifts_500,500,true
m079,deadlift,mv_deadlifts_1000,1000,true
m079,ring_muscle_up,mv_ring_mu_50,50,true
m079,ring_muscle_up,mv_ring_mu_200,200,true
m079,wall_ball,mv_wallball_100,100,true
m080,double_under,mv_du_500,500,true
m080,double_under,mv_du_2000,2000,true
m080,double_under,mv_du_5000,5000,true
m080,double_under,mv_du_10000,10000,true
m080,deadlift,mv_deadlifts_100,100,true
m080,deadlift,mv_deadlifts_500,500,true
m080,deadlift,mv_deadlifts_1000,1000,true
m080,deadlift,mv_deadlifts_5000,5000,true
m080,squat,mv_squat_100,100,true
m080,ring_muscle_up,mv_ring_mu_50,50,true
m081,pull_up,mv_pullup_100,100,true
m081,pull_up,mv_pullup_500,500,true
m081,pull_up,mv_pullup_1000,1000,true
m081,pull_up,mv_pullup_5000,5000,true
m081,toes_to_bar,mv_t2b_100,100,true
m081,toes_to_bar,mv_t2b_500,500,true
m081,toes_to_bar,mv_t2b_1000,1000,true
m081,ring_muscle_up,mv_ring_mu_50,50,true
m082,chest_to_bar,mv_c2b_100,100,true
m082,pull_up,mv_pullup_100,100,true
m082,pull_up,mv_pullup_500,500,true
m082,pull_up,mv_pullup_1000,1000,true
m082,pull_up,mv_pullup_5000,5000,true
m082,clean_and_jerk,mv_cj_100,100,true
m082,clean_and_jerk,mv_cj_500,500,true
m082,clean_and_jerk,mv_cj_1000,1000,true
m082,clean_and_jerk,mv_cj_5000,5000,true
m082,double_under,mv_du_500,500,true
m082,double_under,mv_du_2000,2000,true
m083,squat,mv_squat_100,100,true
m083,squat,mv_squat_500,500,true
m083,squat,mv_squat_1000,1000,true
m083,squat,mv_squat_5000,5000,true
m083,ring_muscle_up,mv_ring_mu_50,50,true
m083,ring_muscle_up,mv_ring_mu_200,200,true
m083,ring_muscle_up,mv_ring_mu_500,500,true
m083,toes_to_bar,mv_t2b_100,100,true
m083,toes_to_bar,mv_t2b_500,500,true
m083,toes_to_bar,mv_t2b_1000,1000,true
m083,double_under,mv_du_500,500,true
m083,double_under,mv_du_2000,2000,true
m083,double_under,mv_du_5000,5000,true
m083,double_under,mv_du_10000,10000,true
m083,box_jump,mv_box_jump_100,100,true
m083,box_jump,mv_box_jump_500,500,true
m083,snatch,mv_snatch_100,100,true
m083,snatch,mv_snatch_500,500,true
m083,snatch,mv_snatch_1000,1000,true
m083,snatch,mv_snatch_5000,5000,true
m084,deadlift,mv_deadlifts_100,100,true
m084,deadlift,mv_deadlifts_500,500,true
m084,deadlift,mv_deadlifts_1000,1000,true
m084,deadlift,mv_deadlifts_5000,5000,true
m084,pull_up,mv_pullup_100,100,true
m084,pull_up,mv_pullup_500,500,true
m084,pull_up,mv_pullup_1000,1000,true
m084,pull_up,mv_pullup_5000,5000,true
m084,chest_to_bar,mv_c2b_100,100,true
m084,chest_to_bar,mv_c2b_500,500,true
m084,chest_to_bar,mv_c2b_1000,1000,true
m085,wall_ball,mv_wallball_100,100,true
m085,wall_ball,mv_wallball_500,500,true
m085,wall_ball,mv_wallball_1000,1000,true
m085,wall_ball,mv_wallball_5000,5000,true
m085,snatch,mv_snatch_100,100,true
m085,snatch,mv_snatch_500,500,true
m086,ring_muscle_up,mv_ring_mu_50,50,true
m086,ring_muscle_up,mv_ring_mu_200,200,true
m086,ring_muscle_up,mv_ring_mu_500,500,true
m086,pull_up,mv_pullup_100,100,true
m086,pull_up,mv_pullup_500,500,true
m086,box_jump,mv_box_jump_100,100,true
m086,box_jump,mv_box_jump_500,500,true
m086,box_jump,mv_box_jump_1000,1000,true
m086,toes_to_bar,mv_t2b_100,100,true
m086,toes_to_bar,mv_t2b_500,500,true
m086,toes_to_bar,mv_t2b_1000,1000,true
m086,wall_ball,mv_wallball_100,100,true
m086,wall_ball,mv_wallball_500,500,true
m086,wall_ball,mv_wallball_1000,1000,true
m086,wall_ball,mv_wallball_5000,5000,true
m086,double_under,mv_du_500,500,true
m086,double_under,mv_du_2000,2000,true
m086,double_under,mv_du_5000,5000,true
m087,hspu,mv_hspu_100,100,true
m087,hspu,mv_hspu_500,500,true
m087,hspu,mv_hspu_1000,1000,true
m087,chest_to_bar,mv_c2b_100,100,true
m087,chest_to_bar,mv_c2b_500,500,true
m087,chest_to_bar,mv_c2b_1000,1000,true
m087,snatch,mv_snatch_100,100,true
m087,deadlift,mv_deadlifts_100,100,true
m087,deadlift,mv_deadlifts_500,500,true
m087,deadlift,mv_deadlifts_1000,1000,true
m087,deadlift,mv_deadlifts_5000,5000,true
m087,toes_to_bar,mv_t2b_100,100,true
m087,toes_to_bar,mv_t2b_500,500,true
m087,toes_to_bar,mv_t2b_1000,1000,true
m087,double_under,mv_du_500,500,true
m087,double_under,mv_du_2000,2000,true
m087,double_under,mv_du_5000,5000,true
m087,ring_muscle_up,mv_ring_mu_50,50,true
m087,ring_muscle_up,mv_ring_mu_200,200,true
m087,ring_muscle_up,mv_ring_mu_500,500,true
m088,ring_muscle_up,mv_ring_mu_50,50,true
m088,ring_muscle_up,mv_ring_mu_200,200,true
m088,toes_to_bar,mv_t2b_100,100,true
m088,toes_to_bar,mv_t2b_500,500,true
m088,wall_ball,mv_wallball_100,100,true
m088,snatch,mv_snatch_100,100,true
m088,snatch,mv_snatch_500,500,true
m088,snatch,mv_snatch_1000,1000,true
m088,snatch,mv_snatch_5000,5000,true
m088,deadlift,mv_deadlifts_100,100,true
m088,deadlift,mv_deadlifts_500,500,true
m088,deadlift,mv_deadlifts_1000,1000,true
m088,double_under,mv_du_500,500,true
m088,double_under,mv_du_2000,2000,true
m088,double_under,mv_du_5000,5000,true
m088,double_under,mv_du_10000,10000,true
m089,clean_and_jerk,mv_cj_100,100,true
m089,clean_and_jerk,mv_cj_500,500,true
m089,clean_and_jerk,mv_cj_1000,1000,true
m089,clean_and_jerk,mv_cj_5000,5000,true
m089,snatch,mv_snatch_100,100,true
m089,pull_up,mv_pullup_100,100,true
m089,pull_up,mv_pullup_500,500,true
m089,pull_up,mv_pullup_1000,1000,true
m089,chest_to_bar,mv_c2b_100,100,true
m089,squat,mv_squat_100,100,true
m089,squat,mv_squat_500,500,true
m089,squat,mv_squat_1000,1000,true
m090,toes_to_bar,mv_t2b_100,100,true
m090,toes_to_bar,mv_t2b_500,500,true
m090,toes_to_bar,mv_t2b_1000,1000,true
m090,hspu,mv_hspu_100,100,true
m090,hspu,mv_hspu_500,500,true
m090,hspu,mv_hspu_1000,1000,true
m090,chest_to_bar,mv_c2b_100,100,true
m090,chest_to_bar,mv_c2b_500,500,true
m090,chest_to_bar,mv_c2b_1000,1000,true
m090,clean_and_jerk,mv_cj_100,100,true
m090,pull_up,mv_pullup_100,100,true
m090,pull_up,mv_pullup_500,500,true
m090,pull_up,mv_pullup_1000,1000,true
m090,snatch,mv_snatch_100,100,true
m090,snatch,mv_snatch_500,500,true
m090,snatch,mv_snatch_1000,1000,true
m090,snatch,mv_snatch_5000,5000,true
m090,double_under,mv_du_500,500,true
m090,double_under,mv_du_2000,2000,true
m090,double_under,mv_du_5000,5000,true
m091,wall_ball,mv_wallball_100,100,true
m091,wall_ball,mv_wallball_500,500,true
m091,wall_ball,mv_wallball_1000,1000,true
m091,wall_ball,mv_wallball_5000,5000,true
m091,pull_up,mv_pullup_100,100,true
m091,pull_up,mv_pullup_500,500,true
m091,pull_up,mv_pullup_1000,1000,true
m091,pull_up,mv_pullup_5000,5000,true
m091,toes_to_bar,mv_t2b_100,100,true
m091,toes_to_bar,mv_t2b_500,500,true
m092,wall_ball,mv_wallball_100,100,true
m092,wall_ball,mv_wallball_500,500,true
m092,wall_ball,mv_wallball_1000,1000,true
m092,wall_ball,mv_wallball_5000,5000,true
m092,ring_muscle_up,mv_ring_mu_50,50,true
m092,ring_muscle_up,mv_ring_mu_200,200,true
m092,ring_muscle_up,mv_ring_mu_500,500,true
m092,pull_up,mv_pullup_100,100,true
m092,pull_up,mv_pullup_500,500,true
m092,double_under,mv_du_500,500,true
m092,double_under,mv_du_2000,2000,true
m092,double_under,mv_du_5000,5000,true
m092,chest_to_bar,mv_c2b_100,100,true
m093,ring_muscle_up,mv_ring_mu_50,50,true
m093,ring_muscle_up,mv_ring_mu_200,200,true
m093,clean_and_jerk,mv_cj_100,100,true
m093,clean_and_jerk,mv_cj_500,500,true
m093,clean_and_jerk,mv_cj_1000,1000,true
m093,squat,mv_squat_100,100,true
m093,squat,mv_squat_500,500,true
m093,squat,mv_squat_1000,1000,true
m093,toes_to_bar,mv_t2b_100,100,true
m093,deadlift,mv_deadlifts_100,100,true
m093,deadlift,mv_deadlifts_500,500,true
m093,deadlift,mv_deadlifts_1000,1000,true
m093,box_jump,mv_box_jump_100,100,true
m093,box_jump,mv_box_jump_500,500,true
m093,box_jump,mv_box_jump_1000,1000,true
m094,double_under,mv_du_500,500,true
m094,double_under,mv_du_2000,2000,true
m094,double_under,mv_du_5000,5000,true
m094,ring_muscle_up,mv_ring_mu_50,50,true
m094,ring_muscle_up,mv_ring_mu_200,200,true
m094,ring_muscle_up,mv_ring_mu_500,500,true
m094,box_jump,mv_box_jump_100,100,true
m094,box_jump,mv_box_jump_500,500,true
m094,box_jump,mv_box_jump_1000,1000,true
m094,pull_up,mv_pullup_100,100,true
m094,pull_up,mv_pullup_500,500,true
m094,clean_and_jerk,mv_cj_100,100,true
m094,clean_and_jerk,mv_cj_500,500,true
m094,clean_and_jerk,mv_cj_1000,1000,true
m094,clean_and_jerk,mv_cj_5000,5000,true
m094,squat,mv_squat_100,100,true
m095,pull_up,mv_pullup_100,100,true
m095,pull_up,mv_pullup_500,500,true
m095,pull_up,mv_pullup_1000,1000,true
m095,pull_up,mv_pullup_5000,5000,true
m095,ring_muscle_up,mv_ring_mu_50,50,true
m095,ring_muscle_up,mv_ring_mu_200,200,true
m095,ring_muscle_up,mv_ring_mu_500,500,true
m095,squat,mv_squat_100,100,true
m095,squat,mv_squat_500,500,true
m095,squat,mv_squat_1000,1000,true
m095,squat,mv_squat_5000,5000,true
m095,hspu,mv_hspu_100,100,true
m095,hspu,mv_hspu_500,500,true
m095,hspu,mv_hspu_1000,1000,true
m096,pull_up,mv_pullup_100,100,true
m096,pull_up,mv_pullup_500,500,true
m096,double_under,mv_du_500,500,true
m096,double_under,mv_du_2000,2000,true
m096,clean_and_jerk,mv_cj_100,100,true
m096,clean_and_jerk,mv_cj_500,500,true
m096,clean_and_jerk,mv_cj_1000,1000,true
m096,deadlift,mv_deadlifts_100,100,true
m096,deadlift,mv_deadlifts_500,500,true
m096,deadlift,mv_deadlifts_1000,1000,true
m096,wall_ball,mv_wallball_100,100,true
m096,wall_ball,mv_wallball_500,500,true
m096,ring_muscle_up,mv_ring_mu_50,50,true
m096,ring_muscle_up,mv_ring_mu_200,200,true
m096,ring_muscle_up,mv_ring_mu_500,500,true
m097,snatch,mv_snatch_100,100,true
m097,snatch,mv_snatch_500,500,true
m097,snatch,mv_snatch_1000,1000,true
m097,ring_muscle_up,mv_ring_mu_50,50,true
m097,ring_muscle_up,mv_ring_mu_200,200,true
m097,ring_muscle_up,mv_ring_mu_500,500,true
m097,squat,mv_squat_100,100,true
m097,squat,mv_squat_500,500,true
m097,squat,mv_squat_1000,1000,true
m097,squat,mv_squat_5000,5000,true
m097,pull_up,mv_pullup_100,100,true
m098,pull_up,mv_pullup_100,100,true
m098,pull_up,mv_pullup_500,500,true
m098,pull_up,mv_pullup_1000,1000,true
m098,pull_up,mv_pullup_5000,5000,true
m098,double_under,mv_du_500,500,true
m098,double_under,mv_du_2000,2000,true
m098,double_under,mv_du_5000,5000,true
m098,ring_muscle_up,mv_ring_mu_50,50,true
m098,clean_and_jerk,mv_cj_100,100,true
m099,wall_ball,mv_wallball_100,100,true
m099,wall_ball,mv_wallball_500,500,true
m099,wall_ball,mv_wallball_1000,1000,true
m099,wall_ball,mv_wallball_5000,5000,true
m099,hspu,mv_hspu_100,100,true
m099,hspu,mv_hspu_500,500,true
m099,hspu,mv_hspu_1000,1000,true
m100,chest_to_bar,mv_c2b_100,100,true
m100,wall_ball,mv_wallball_100,100,true
m100,wall_ball,mv_wallball_500,500,true
m100,wall_ball,mv_wallball_1000,1000,true
m100,ring_muscle_up,mv_ring_mu_50,50,true
m100,ring_muscle_up,mv_ring_mu_200,200,true
m100,ring_muscle_up,mv_ring_mu_500,500,true
m100,box_jump,mv_box_jump_100,100,true
m100,box_jump,mv_box_jump_500,500,true
m100,deadlift,mv_deadlifts_100,100,true
m100,deadlift,mv_deadlifts_500,500,true
m100,deadlift,mv_deadlifts_1000,1000,true
m100,squat,mv_squat_100,100,true
m100,squat,mv_squat_500,500,true
m100,squat,mv_squat_1000,1000,true
m100,pull_up,mv_pullup_100,100,true
m100,pull_up,mv_pullup_500,500,true
m101,double_under,mv_du_500,500,true
m101,double_under,mv_du_2000,2000,true
m101,double_under,mv_du_5000,5000,true
m101,double_under,mv_du_10000,10000,true
m101,toes_to_bar,mv_t2b_100,100,true
m101,toes_to_bar,mv_t2b_500,500,true
m102,chest_to_bar,mv_c2b_100,100,true
m102,chest_to_bar,mv_c2b_500,500,true
m102,chest_to_bar,mv_c2b_1000,1000,true
m102,squat,mv_squat_100,100,true
m102,squat,mv_squat_500,500,true
m102,squat,mv_squat_1000,1000,true
m102,squat,mv_squat_5000,5000,true
m102,clean_and_jerk,mv_cj_100,100,true
m102,clean_and_jerk,mv_cj_500,500,true
m102,clean_and_jerk,mv_cj_1000,1000,true
m102,clean_and_jerk,mv_cj_5000,5000,true
m102,pull_up,mv_pullup_100,100,true
m102,pull_up,mv_pullup_500,500,true
m102,pull_up,mv_pullup_1000,1000,true
m102,deadlift,mv_deadlifts_100,100,true
m102,double_under,mv_du_500,500,true
m102,hspu,mv_hspu_100,100,true
m102,hspu,mv_hspu_500,500,true
m102,hspu,mv_hspu_1000,1000,true
m103,snatch,mv_snatch_100,100,true
m103,snatch,mv_snatch_500,500,true
m103,deadlift,mv_deadlifts_100,100,true
m103,deadlift,mv_deadlifts_500,500,true
m103,deadlift,mv_deadlifts_1000,1000,true
m104,snatch,mv_snatch_100,100,true
m104,snatch,mv_snatch_500,500,true
m104,snatch,mv_snatch_1000,1000,true
m104,snatch,mv_snatch_5000,5000,true
m104,chest_to_bar,mv_c2b_100,100,true
m104,wall_ball,mv_wallball_100,100,true
m104,wall_ball,mv_wallball_500,500,true
m104,wall_ball,mv_wallball_1000,1000,true
m104,wall_ball,mv_wallball_5000,5000,true
m105,wall_ball,mv_wallball_100,100,true
m105,hspu,mv_hspu_100,100,true
m105,hspu,mv_hspu_500,500,true
m105,hspu,mv_hspu_1000,1000,true
m105,toes_to_bar,mv_t2b_100,100,true
m105,toes_to_bar,mv_t2b_500,500,true
m105,toes_to_bar,mv_t2b_1000,1000,true
m105,chest_to_bar,mv_c2b_100,100,true
m105,chest_to_bar,mv_c2b_500,500,true
m106,snatch,mv_snatch_100,100,true
m106,snatch,mv_snatch_500,500,true
m106,ring_muscle_up,mv_ring_mu_50,50,true
m106,ring_muscle_up,mv_ring_mu_200,200,true
m106,ring_muscle_up,mv_ring_mu_500,500,true
m106,squat,mv_squat_100,100,true
m106,squat,mv_squat_500,500,true
m106,squat,mv_squat_1000,1000,true
m106,wall_ball,mv_wallball_100,100,true
m106,wall_ball,mv_wallball_500,500,true
m106,wall_ball,mv_wallball_1000,1000,true
m106,wall_ball,mv_wallball_5000,5000,true
m106,chest_to_bar,mv_c2b_100,100,true
m106,chest_to_bar,mv_c2b_500,500,true
m106,chest_to_bar,mv_c2b_1000,1000,true
m106,hspu,mv_hspu_100,100,true
m106,toes_to_bar,mv_t2b_100,100,true
m106,toes_to_bar,mv_t2b_500,500,true
m107,wall_ball,mv_wallball_100,100,true
m107,wall_ball,mv_wallball_500,500,true
m107,squat,mv_squat_100,100,true
m107,squat,mv_squat_500,500,true
m107,chest_to_bar,mv_c2b_100,100,true
m107,chest_to_bar,mv_c2b_500,500,true
m107,chest_to_bar,mv_c2b_1000,1000,true
m108,squat,mv_squat_100,100,true
m108,squat,mv_squat_500,500,true
m108,squat,mv_squat_1000,1000,true
m108,squat,mv_squat_5000,5000,true
m108,pull_up,mv_pullup_100,100,true
m108,double_under,mv_du_500,500,true
m108,deadlift,mv_deadlifts_100,100,true
m108,toes_to_bar,mv_t2b_100,100,true
m108,toes_to_bar,mv_t2b_500,500,true
m108,ring_muscle_up,mv_ring_mu_50,50,true
m108,ring_muscle_up,mv_ring_mu_200,200,true
m108,ring_muscle_up,mv_ring_mu_500,500,true
m108,snatch,mv_snatch_100,100,true
m108,snatch,mv_snatch_500,500,true
m108,snatch,mv_snatch_1000,1000,true
m108,snatch,mv_snatch_5000,5000,true
m109,snatch,mv_snatch_100,100,true
m109,pull_up,mv_pullup_100,100,true
m109,pull_up,mv_pullup_500,500,true
m109,chest_to_bar,mv_c2b_100,100,true
m109,chest_to_bar,mv_c2b_500,500,true
m109,squat,mv_squat_100,100,true
m109,squat,mv_squat_500,500,true
m109,squat,mv_squat_1000,1000,true
m109,ring_muscle_up,mv_ring_mu_50,50,true
m109,ring_muscle_up,mv_ring_mu_200,200,true
m109,ring_muscle_up,mv_ring_mu_500,500,true
m109,deadlift,mv_deadlifts_100,100,true
m109,deadlift,mv_deadlifts_500,500,true
m109,toes_to_bar,mv_t2b_100,100,true
m109,toes_to_bar,mv_t2b_500,500,true
m109,toes_to_bar,mv_t2b_1000,1000,true
m110,double_under,mv_du_500,500,true
m110,pull_up,mv_pullup_100,100,true
m110,pull_up,mv_pullup_500,500,true
m110,pull_up,mv_pullup_1000,1000,true
m110,pull_up,mv_pullup_5000,5000,true
m110,wall_ball,mv_wallball_100,100,true
m110,snatch,mv_snatch_100,100,true
m110,snatch,mv_snatch_500,500,true
m110,snatch,mv_snatch_1000,1000,true
m110,snatch,mv_snatch_5000,5000,true
m110,hspu,mv_hspu_100,100,true
m110,toes_to_bar,mv_t2b_100,100,true
m110,toes_to_bar,mv_t2b_500,500,true
m110,toes_to_bar,mv_t2b_1000,1000,true
m110,chest_to_bar,mv_c2b_100,100,true
m110,chest_to_bar,mv_c2b_500,500,true
m110,chest_to_bar,mv_c2b_1000,1000,true
m111,hspu,mv_hspu_100,100,true
m111,pull_up,mv_pullup_100,100,true
m111,pull_up,mv_pullup_500,500,true
m111,pull_up,mv_pullup_1000,1000,true
m111,squat,mv_squat_100,100,true
m111,squat,mv_squat_500,500,true
m111,squat,mv_squat_1000,1000,true
m111,box_jump,mv_box_jump_100,100,true
m111,toes_to_bar,mv_t2b_100,100,true
m111,toes_to_bar,mv_t2b_500,500,true
m111,ring_muscle_up,mv_ring_mu_50,50,true
m111,ring_muscle_up,mv_ring_mu_200,200,true
m111,wall_ball,mv_wallball_100,100,true
m111,wall_ball,mv_wallball_500,500,true
m112,double_under,mv_du_500,500,true
m112,double_under,mv_du_2000,2000,true
m112,ring_muscle_up,mv_ring_mu_50,50,true
m112,ring_muscle_up,mv_ring_mu_200,200,true
m112,clean_and_jerk,mv_cj_100,100,true
m112,box_jump,mv_box_jump_100,100,true
m112,snatch,mv_snatch_100,100,true
m112,snatch,mv_snatch_500,500,true
m112,snatch,mv_snatch_1000,1000,true
m112,snatch,mv_snatch_5000,5000,true
m112,squat,mv_squat_100,100,true
m112,squat,mv_squat_500,500,true
m112,squat,mv_squat_1000,1000,true
m112,squat,mv_squat_5000,5000,true
m113,squat,mv_squat_100,100,true
m113,squat,mv_squat_500,500,true
m113,pull_up,mv_pullup_100,100,true
m113,pull_up,mv_pullup_500,500,true
m113,ring_muscle_up,mv_ring_mu_50,50,true
m113,clean_and_jerk,mv_cj_100,100,true
m113,clean_and_jerk,mv_cj_500,500,true
m113,clean_and_jerk,mv_cj_1000,1000,true
m113,clean_and_jerk,mv_cj_5000,5000,true
m113,wall_ball,mv_wallball_100,100,true
m113,wall_ball,mv_wallball_500,500,true
m113,wall_ball,mv_wallball_1000,1000,true
m113,snatch,mv_snatch_100,100,true
m113,snatch,mv_snatch_500,500,true
m113,snatch,mv_snatch_1000,1000,true
m113,hspu,mv_hspu_100,100,true
m113,hspu,mv_hspu_500,500,true
m113,hspu,mv_hspu_1000,1000,true
m114,toes_to_bar,mv_t2b_100,100,true
m114,toes_to_bar,mv_t2b_500,500,true
m114,toes_to_bar,mv_t2b_1000,1000,true
m114,clean_and_jerk,mv_cj_100,100,true
m114,chest_to_bar,mv_c2b_100,100,true
m114,chest_to_bar,mv_c2b_500,500,true
m114,chest_to_bar,mv_c2b_1000,1000,true
m114,wall_ball,mv_wallball_100,100,true
m115,chest_to_bar,mv_c2b_100,100,true
m115,double_under,mv_du_500,500,true
m115,double_under,mv_du_2000,2000,true
m115,double_under,mv_du_5000,5000,true
m115,double_under,mv_du_10000,10000,true
m115,ring_muscle_up,mv_ring_mu_50,50,true
m115,ring_muscle_up,mv_ring_mu_200,200,true
m115,snatch,mv_snatch_100,100,true
m115,snatch,mv_snatch_500,500,true
m115,snatch,mv_snatch_1000,1000,true
m115,toes_to_bar,mv_t2b_100,100,true
m115,wall_ball,mv_wallball_100,100,true
m115,wall_ball,mv_wallball_500,500,true
m116,ring_muscle_up,mv_ring_mu_50,50,true
m116,clean_and_jerk,mv_cj_100,100,true
m116,clean_and_jerk,mv_cj_500,500,true
m116,clean_and_jerk,mv_cj_1000,1000,true
m116,box_jump,mv_box_jump_100,100,true
m116,snatch,mv_snatch_100,100,true
m116,snatch,mv_snatch_500,500,true
m116,snatch,mv_snatch_1000,1000,true
m116,snatch,mv_snatch_5000,5000,true
m116,pull_up,mv_pullup_100,100,true
m116,pull_up,mv_pullup_500,500,true
m116,pull_up,mv_pullup_1000,1000,true
m117,hspu,mv_hspu_100,100,true
m117,hspu,mv_hspu_500,500,true
m117,hspu,mv_hspu_1000,1000,true
m117,wall_ball,mv_wallball_100,100,true
m117,wall_ball,mv_wallball_500,500,true
m117,wall_ball,mv_wallball_1000,1000,true
m117,wall_ball,mv_wallball_5000,5000,true
m117,pull_up,mv_pullup_100,100,true
m117,pull_up,mv_pullup_500,500,true
m117,toes_to_bar,mv_t2b_100,100,true
m118,ring_muscle_up,mv_ring_mu_50,50,true
m118,double_under,mv_du_500,500,true
m118,double_under,mv_du_2000,2000,true
m118,double_under,mv_du_5000,5000,true
m118,double_under,mv_du_10000,10000,true
m118,deadlift,mv_deadlifts_100,100,true
m118,deadlift,mv_deadlifts_500,500,true
m118,clean_and_jerk,mv_cj_100,100,true
m118,clean_and_jerk,mv_cj_500,500,true
m118,clean_and_jerk,mv_cj_1000,1000,true
m118,squat,mv_squat_100,100,true
m118,squat,mv_squat_500,500,true
m118,squat,mv_squat_1000,1000,true
m118,squat,mv_squat_5000,5000,true
m118,wall_ball,mv_wallball_100,100,true
m118,wall_ball,mv_wallball_500,500,true
m119,deadlift,mv_deadlifts_100,100,true
m119,deadlift,mv_deadlifts_500,500,true
m119,hspu,mv_hspu_100,100,true
m119,clean_and_jerk,mv_cj_100,100,true
m119,clean_and_jerk,mv_cj_500,500,true
m119,wall_ball,mv_wallball_100,100,true
m119,wall_ball,mv_wallball_500,500,true
m119,wall_ball,mv_wallball_1000,1000,true
m119,wall_ball,mv_wallball_5000,5000,true
m119,pull_up,mv_pullup_100,100,true
m120,double_under,mv_du_500,500,true
m120,double_under,mv_du_2000,2000,true
m120,double_under,mv_du_5000,5000,true
m120,ring_muscle_up,mv_ring_mu_50,50,true
m121,deadlift,mv_deadlifts_100,100,true
m121,deadlift,mv_deadlifts_500,500,true
m121,double_under,mv_du_500,500,true
m121,double_under,mv_du_2000,2000,true
m121,double_under,mv_du_5000,5000,true
m121,double_under,mv_du_10000,10000,true
m121,chest_to_bar,mv_c2b_100,100,true
m121,chest_to_bar,mv_c2b_500,500,true
m121,pull_up,mv_pullup_100,100,true
m121,pull_up,mv_pullup_500,500,true
m121,pull_up,mv_pullup_1000,1000,true
m121,clean_and_jerk,mv_cj_100,100,true
m121,clean_and_jerk,mv_cj_500,500,true
m121,clean_and_jerk,mv_cj_1000,1000,true
m121,clean_and_jerk,mv_cj_5000,5000,true
m122,pull_up,mv_pullup_100,100,true
m122,pull_up,mv_pullup_500,500,true
m122,pull_up,mv_pullup_1000,1000,true
m122,toes_to_bar,mv_t2b_100,100,true
m122,toes_to_bar,mv_t2b_500,500,true
m122,toes_to_bar,mv_t2b_1000,1000,true
m123,ring_muscle_up,mv_ring_mu_50,50,true
m123,box_jump,mv_box_jump_100,100,true
m123,box_jump,mv_box_jump_500,500,true
m123,box_jump,mv_box_jump_1000,1000,true
m123,squat,mv_squat_100,100,true
m123,snatch,mv_snatch_100,100,true
m123,snatch,mv_snatch_500,500,true
m123,snatch,mv_snatch_1000,1000,true
m123,chest_to_bar,mv_c2b_100,100,true
m123,chest_to_bar,mv_c2b_500,500,true
m123,chest_to_bar,mv_c2b_1000,1000,true
m124,box_jump,mv_box_jump_100,100,true
m124,double_under,mv_du_500,500,true
m125,double_under,mv_du_500,500,true
m125,wall_ball,mv_wallball_100,100,true
m125,wall_ball,mv_wallball_500,500,true
m125,wall_ball,mv_wallball_1000,1000,true
m125,wall_ball,mv_wallball_5000,5000,true
m125,chest_to_bar,mv_c2b_100,100,true
m125,chest_to_bar,mv_c2b_500,500,true
m125,chest_to_bar,mv_c2b_1000,1000,true
m126,clean_and_jerk,mv_cj_100,100,true
m126,clean_and_jerk,mv_cj_500,500,true
m126,clean_and_jerk,mv_cj_1000,1000,true
m126,clean_and_jerk,mv_cj_5000,5000,true
m126,pull_up,mv_pullup_100,100,true
m126,squat,mv_squat_100,100,true
m126,squat,mv_squat_500,500,true
m126,squat,mv_squat_1000,1000,true
m126,ring_muscle_up,mv_ring_mu_50,50,true
m126,ring_muscle_up,mv_ring_mu_200,200,true
m126,ring_muscle_up,mv_ring_mu_500,500,true
m127,toes_to_bar,mv_t2b_100,100,true
m127,toes_to_bar,mv_t2b_500,500,true
m127,toes_to_bar,mv_t2b_1000,1000,true
m127,clean_and_jerk,mv_cj_100,100,true
m127,clean_and_jerk,mv_cj_500,500,true
m127,ring_muscle_up,mv_ring_mu_50,50,true
m127,pull_up,mv_pullup_100,100,true
m127,pull_up,mv_pullup_500,500,true
m127,pull_up,mv_pullup_1000,1000,true
m127,pull_up,mv_pullup_5000,5000,true
m127,wall_ball,mv_wallball_100,100,true
m128,clean_and_jerk,mv_cj_100,100,true
m128,clean_and_jerk,mv_cj_500,500,true
m128,clean_and_jerk,mv_cj_1000,1000,true
m128,clean_and_jerk,mv_cj_5000,5000,true
m128,pull_up,mv_pullup_100,100,true
m128,pull_up,mv_pullup_500,500,true
m128,pull_up,mv_pullup_1000,1000,true
m128,pull_up,mv_pullup_5000,5000,true
m128,deadlift,mv_deadlifts_100,100,true
m128,deadlift,mv_deadlifts_500,500,true
m128,ring_muscle_up,mv_ring_mu_50,50,true
m128,ring_muscle_up,mv_ring_mu_200,200,true
m128,ring_muscle_up,mv_ring_mu_500,500,true
m129,hspu,mv_hspu_100,100,true
m129,hspu,mv_hspu_500,500,true
m129,hspu,mv_hspu_1000,1000,true
m129,box_jump,mv_box_jump_100,100,true
m129,pull_up,mv_pullup_100,100,true
m129,chest_to_bar,mv_c2b_100,100,true
m129,chest_to_bar,mv_c2b_500,500,true
m129,chest_to_bar,mv_c2b_1000,1000,true
m130,wall_ball,mv_wallball_100,100,true
m130,wall_ball,mv_wallball_500,500,true
m130,wall_ball,mv_wallball_1000,1000,true
m130,wall_ball,mv_wallball_5000,5000,true
m130,ring_muscle_up,mv_ring_mu_50,50,true
m130,ring_muscle_up,mv_ring_mu_200,200,true
m130,ring_muscle_up,mv_ring_mu_500,500,true
m131,chest_to_bar,mv_c2b_100,100,true
m131,wall_ball,mv_wallball_100,100,true
m132,double_under,mv_du_500,500,true
m132,snatch,mv_snatch_100,100,true
m132,snatch,mv_snatch_500,500,true
m132,pull_up,mv_pullup_100,100,true
m132,pull_up,mv_pullup_500,500,true
m132,pull_up,mv_pullup_1000,1000,true
m132,toes_to_bar,mv_t2b_100,100,true
m132,toes_to_bar,mv_t2b_500,500,true
m132,toes_to_bar,mv_t2b_1000,1000,true
m133,deadlift,mv_deadlifts_100,100,true
m133,hspu,mv_hspu_100,100,true
m133,hspu,mv_hspu_500,500,true
m133,hspu,mv_hspu_1000,1000,true
m133,box_jump,mv_box_jump_100,100,true
m133,box_jump,mv_box_jump_500,500,true
m133,box_jump,mv_box_jump_1000,1000,true
m134,snatch,mv_snatch_100,100,true
m134,double_under,mv_du_500,500,true
m134,box_jump,mv_box_jump_100,100,true
m134,box_jump,mv_box_jump_500,500,true
m134,box_jump,mv_box_jump_1000,1000,true
m134,pull_up,mv_pullup_100,100,true
m134,pull_up,mv_pullup_500,500,true
m134,pull_up,mv_pullup_1000,1000,true
m134,deadlift,mv_deadlifts_100,100,true
m134,toes_to_bar,mv_t2b_100,100,true
m134,toes_to_bar,mv_t2b_500,500,true
m134,toes_to_bar,mv_t2b_1000,1000,true
m135,squat,mv_squat_100,100,true
m135,squat,mv_squat_500,500,true
m135,squat,mv_squat_1000,1000,true
m135,squat,mv_squat_5000,5000,true
m135,clean_and_jerk,mv_cj_100,100,true
m135,clean_and_jerk,mv_cj_500,500,true
m135,clean_and_jerk,mv_cj_1000,1000,true
m135,toes_to_bar,mv_t2b_100,100,true
m135,toes_to_bar,mv_t2b_500,500,true
m135,ring_muscle_up,mv_ring_mu_50,50,true
m135,pull_up,mv_pullup_100,100,true
m135,pull_up,mv_pullup_500,500,true
m135,pull_up,mv_pullup_1000,1000,true
m136,wall_ball,mv_wallball_100,100,true
m136,squat,mv_squat_100,100,true
m136,squat,mv_squat_500,500,true
m136,squat,mv_squat_1000,1000,true
m136,squat,mv_squat_5000,5000,true
m136,pull_up,mv_pullup_100,100,true
m136,pull_up,mv_pullup_500,500,true
m136,pull_up,mv_pullup_1000,1000,true
m136,pull_up,mv_pullup_5000,5000,true
m136,ring_muscle_up,mv_ring_mu_50,50,true
m136,ring_muscle_up,mv_ring_mu_200,200,true
m136,ring_muscle_up,mv_ring_mu_500,500,true
m137,pull_up,mv_pullup_100,100,true
m137,pull_up,mv_pullup_500,500,true
m137,pull_up,mv_pullup_1000,1000,true
m137,clean_and_jerk,mv_cj_100,100,true
m137,hspu,mv_hspu_100,100,true
m137,hspu,mv_hspu_500,500,true
m137,hspu,mv_hspu_1000,1000,true
m137,squat,mv_squat_100,100,true
m137,squat,mv_squat_500,500,true
m137,toes_to_bar,mv_t2b_100,100,true
m137,toes_to_bar,mv_t2b_500,500,true
m137,box_jump,mv_box_jump_100,100,true
m137,box_jump,mv_box_jump_500,500,true
m137,box_jump,mv_box_jump_1000,1000,true
m137,chest_to_bar,mv_c2b_100,100,true
m137,chest_to_bar,mv_c2b_500,500,true
m137,chest_to_bar,mv_c2b_1000,1000,true
m138,deadlift,mv_deadlifts_100,100,true
m138,deadlift,mv_deadlifts_500,500,true
m138,pull_up,mv_pullup_100,100,true
m138,pull_up,mv_pullup_500,500,true
m138,wall_ball,mv_wallball_100,100,true
m138,wall_ball,mv_wallball_500,500,true
m138,wall_ball,mv_wallball_1000,1000,true
m138,wall_ball,mv_wallball_5000,5000,true
m139,deadlift,mv_deadlifts_100,100,true
m139,deadlift,mv_deadlifts_500,500,true
m139,deadlift,mv_deadlifts_1000,1000,true
m139,chest_to_bar,mv_c2b_100,100,true
m139,hspu,mv_hspu_100,100,true
m139,hspu,mv_hspu_500,500,true
m139,hspu,mv_hspu_1000,1000,true
m140,clean_and_jerk,mv_cj_100,100,true
m140,clean_and_jerk,mv_cj_500,500,true
m140,clean_and_jerk,mv_cj_1000,1000,true
m140,pull_up,mv_pullup_100,100,true
m140,pull_up,mv_pullup_500,500,true
m140,pull_up,mv_pullup_1000,1000,true
m140,box_jump,mv_box_jump_100,100,true
m140,box_jump,mv_box_jump_500,500,true
m140,box_jump,mv_box_jump_1000,1000,true
m140,squat,mv_squat_100,100,true
m140,squat,mv_squat_500,500,true
m140,squat,mv_squat_1000,1000,true
m140,snatch,mv_snatch_100,100,true
m140,snatch,mv_snatch_500,500,true
m140,wall_ball,mv_wallball_100,100,true
m140,wall_ball,mv_wallball_500,500,true
m140,wall_ball,mv_wallball_1000,1000,true
m140,wall_ball,mv_wallball_5000,5000,true
m141,squat,mv_squat_100,100,true
m141,squat,mv_squat_500,500,true
m141,squat,mv_squat_1000,1000,true
m141,squat,mv_squat_5000,5000,true
m141,toes_to_bar,mv_t2b_100,100,true
m141,toes_to_bar,mv_t2b_500,500,true
m141,wall_ball,mv_wallball_100,100,true
m141,wall_ball,mv_wallball_500,500,true
m141,hspu,mv_hspu_100,100,true
m141,hspu,mv_hspu_500,500,true
m141,hspu,mv_hspu_1000,1000,true
m141,double_under,mv_du_500,500,true
m141,double_under,mv_du_2000,2000,true
m141,double_under,mv_du_5000,5000,true
m141,clean_and_jerk,mv_cj_100,100,true
m141,clean_and_jerk,mv_cj_500,500,true
m141,clean_and_jerk,mv_cj_1000,1000,true
m141,clean_and_jerk,mv_cj_5000,5000,true
m142,toes_to_bar,mv_t2b_100,100,true
m142,deadlift,mv_deadlifts_100,100,true
m142,deadlift,mv_deadlifts_500,500,true
m142,deadlift,mv_deadlifts_1000,1000,true
m142,deadlift,mv_deadlifts_5000,5000,true
m142,pull_up,mv_pullup_100,100,true
m142,squat,mv_squat_100,100,true
m142,squat,mv_squat_500,500,true
m142,squat,mv_squat_1000,1000,true
m142,squat,mv_squat_5000,5000,true
m142,box_jump,mv_box_jump_100,100,true
m142,box_jump,mv_box_jump_500,500,true
m142,box_jump,mv_box_jump_1000,1000,true
m143,squat,mv_squat_100,100,true
m143,squat,mv_squat_500,500,true
m143,toes_to_bar,mv_t2b_100,100,true
m143,toes_to_bar,mv_t2b_500,500,true
m143,toes_to_bar,mv_t2b_1000,1000,true
m144,ring_muscle_up,mv_ring_mu_50,50,true
m144,ring_muscle_up,mv_ring_mu_200,200,true
m144,ring_muscle_up,mv_ring_mu_500,500,true
m144,clean_and_jerk,mv_cj_100,100,true
m144,clean_and_jerk,mv_cj_500,500,true
m144,clean_and_jerk,mv_cj_1000,1000,true
m144,clean_and_jerk,mv_cj_5000,5000,true
m144,chest_to_bar,mv_c2b_100,100,true
m144,deadlift,mv_deadlifts_100,100,true
m144,deadlift,mv_deadlifts_500,500,true
m144,deadlift,mv_deadlifts_1000,1000,true
m145,toes_to_bar,mv_t2b_100,100,true
m145,clean_and_jerk,mv_cj_100,100,true
m145,deadlift,mv_deadlifts_100,100,true
m146,squat,mv_squat_100,100,true
m146,squat,mv_squat_500,500,true
m146,squat,mv_squat_1000,1000,true
m146,squat,mv_squat_5000,5000,true
m146,box_jump,mv_box_jump_100,100,true
m146,box_jump,mv_box_jump_500,500,true
m146,box_jump,mv_box_jump_1000,1000,true
m146,hspu,mv_hspu_100,100,true
m146,hspu,mv_hspu_500,500,true
m146,hspu,mv_hspu_1000,1000,true
m146,wall_ball,mv_wallball_100,100,true
m146,wall_ball,mv_wallball_500,500,true
m146,wall_ball,mv_wallball_1000,1000,true
m146,wall_ball,mv_wallball_5000,5000,true
m146,pull_up,mv_pullup_100,100,true
m146,pull_up,mv_pullup_500,500,true
m147,chest_to_bar,mv_c2b_100,100,true
m147,chest_to_bar,mv_c2b_500,500,true
m147,pull_up,mv_pullup_100,100,true
m147,pull_up,mv_pullup_500,500,true
m147,pull_up,mv_pullup_1000,1000,true
m147,pull_up,mv_pullup_5000,5000,true
m147,ring_muscle_up,mv_ring_mu_50,50,true
m147,ring_muscle_up,mv_ring_mu_200,200,true
m147,ring_muscle_up,mv_ring_mu_500,500,true
m147,clean_and_jerk,mv_cj_100,100,true
m147,clean_and_jerk,mv_cj_500,500,true
m147,clean_and_jerk,mv_cj_1000,1000,true
m147,clean_and_jerk,mv_cj_5000,5000,true
m147,squat,mv_squat_100,100,true
m147,squat,mv_squat_500,500,true
m148,chest_to_bar,mv_c2b_100,100,true
m148,chest_to_bar,mv_c2b_500,500,true
m148,clean_and_jerk,mv_cj_100,100,true
m148,clean_and_jerk,mv_cj_500,500,true
m148,clean_and_jerk,mv_cj_1000,1000,true
m148,deadlift,mv_deadlifts_100,100,true
m148,deadlift,mv_deadlifts_500,500,true
m148,toes_to_bar,mv_t2b_100,100,true
m148,toes_to_bar,mv_t2b_500,500,true
m148,toes_to_bar,mv_t2b_1000,1000,true
m148,pull_up,mv_pullup_100,100,true
m148,pull_up,mv_pullup_500,500,true
m148,wall_ball,mv_wallball_100,100,true
m148,wall_ball,mv_wallball_500,500,true
m148,wall_ball,mv_wallball_1000,1000,true
m148,wall_ball,mv_wallball_5000,5000,true
m148,squat,mv_squat_100,100,true
m149,pull_up,mv_pullup_100,100,true
m149,pull_up,mv_pullup_500,500,true
m149,pull_up,mv_pullup_1000,1000,true
m149,ring_muscle_up,mv_ring_mu_50,50,true
m149,chest_to_bar,mv_c2b_100,100,true
m149,chest_to_bar,mv_c2b_500,500,true
m149,chest_to_bar,mv_c2b_1000,1000,true
m149,toes_to_bar,mv_t2b_100,100,true
m150,chest_to_bar,mv_c2b_100,100,true
m150,chest_to_bar,mv_c2b_500,500,true
m150,pull_up,mv_pullup_100,100,true
m150,pull_up,mv_pullup_500,500,true
m150,pull_up,mv_pullup_1000,1000,true
m150,hspu,mv_hspu_100,100,true
m150,hspu,mv_hspu_500,500,true
m150,hspu,mv_hspu_1000,1000,true
