member_ref,jour,delta,elo_apres,source_type,source_ref
m002,2026-07-27,11,1284,wod_score,w001
m026,2026-07-27,9,1195,wod_score,w001
m054,2026-07-27,8,1097,wod_score,w001
m005,2026-07-27,11,1222,wod_score,w001
m018,2026-07-27,9,1151,wod_score,w001
m007,2026-07-27,7,1238,wod_score,w001
m032,2026-07-27,5,1122,wod_score,w001
m062,2026-07-27,6,1092,wod_score,w001
m048,2026-07-27,5,1108,wod_score,w001
m058,2026-07-27,6,1178,wod_score,w001
m103,2026-07-27,5,1095,wod_score,w001
m017,2026-07-27,7,1202,wod_score,w001
m015,2026-07-27,0,1219,wod_score,w001
m084,2026-07-27,1,1114,wod_score,w001
m013,2026-07-27,0,1117,wod_score,w001
m076,2026-07-27,1,1150,wod_score,w001
m060,2026-07-27,1,1135,wod_score,w001
m078,2026-07-27,3,1045,wod_score,w001
m023,2026-07-27,1,1147,wod_score,w001
m051,2026-07-27,3,1123,wod_score,w001
m057,2026-07-27,2,1131,wod_score,w001
m088,2026-07-27,2,1096,wod_score,w001
m112,2026-07-27,0,1074,wod_score,w001
m073,2026-07-27,2,1129,wod_score,w001
m113,2026-07-27,1,1078,wod_score,w001
m097,2026-07-27,-3,1092,wod_score,w001
m059,2026-07-27,-1,1120,wod_score,w001
m056,2026-07-27,0,1147,wod_score,w001
m105,2026-07-27,-3,1061,wod_score,w001
m053,2026-07-27,-3,1150,wod_score,w001
m036,2026-07-27,-2,1197,wod_score,w001
m121,2026-07-27,0,1055,wod_score,w001
m107,2026-07-27,-3,1061,wod_score,w001
m101,2026-07-27,0,1128,wod_score,w001
m077,2026-07-27,-1,1153,wod_score,w001
m136,2026-07-27,-3,1005,wod_score,w001
m144,2026-07-27,-2,981,wod_score,w001
m137,2026-07-27,-1,1075,wod_score,w001
m095,2026-07-27,-6,1102,wod_score,w001
m132,2026-07-27,-6,1006,wod_score,w001
m074,2026-07-27,-4,1123,wod_score,w001
m110,2026-07-27,-7,1124,wod_score,w001
m092,2026-07-27,-4,1083,wod_score,w001
m109,2026-07-27,-6,1100,wod_score,w001
m147,2026-07-27,-7,1019,wod_score,w001
m118,2026-07-27,-10,1056,wod_score,w001
m080,2026-07-27,-12,1099,wod_score,w001
m134,2026-07-27,-9,1007,wod_score,w001
m146,2026-07-27,-8,968,wod_score,w001
m149,2026-07-27,-12,945,wod_score,w001
m111,2026-07-27,-10,1045,wod_score,w001
m008,2026-07-28,9,1256,wod_score,w002
m023,2026-07-28,12,1159,wod_score,w002
m013,2026-07-28,9,1126,wod_score,w002
m047,2026-07-28,4,1152,wod_score,w002
m081,2026-07-28,4,1124,wod_score,w002
m035,2026-07-28,7,1170,wod_score,w002
m022,2026-07-28,4,1183,wod_score,w002
m025,2026-07-28,7,1180,wod_score,w002
m055,2026-07-28,7,1136,wod_score,w002
m097,2026-07-28,1,1093,wod_score,w002
m043,2026-07-28,0,1160,wod_score,w002
m020,2026-07-28,3,1199,wod_score,w002
m060,2026-07-28,3,1138,wod_score,w002
m033,2026-07-28,3,1166,wod_score,w002
m018,2026-07-28,2,1153,wod_score,w002
m080,2026-07-28,0,1099,wod_score,w002
m042,2026-07-28,0,1159,wod_score,w002
m074,2026-07-28,2,1125,wod_score,w002
m029,2026-07-28,1,1167,wod_score,w002
m126,2026-07-28,-1,1040,wod_score,w002
m119,2026-07-28,-2,1072,wod_score,w002
m096,2026-07-28,-1,1077,wod_score,w002
m083,2026-07-28,-3,1109,wod_score,w002
m032,2026-07-28,-1,1121,wod_score,w002
m057,2026-07-28,-3,1128,wod_score,w002
m075,2026-07-28,-1,1129,wod_score,w002
m077,2026-07-28,-1,1152,wod_score,w002
m048,2026-07-28,-2,1106,wod_score,w002
m100,2026-07-28,-6,1079,wod_score,w002
m071,2026-07-28,-6,1063,wod_score,w002
m127,2026-07-28,-5,1047,wod_score,w002
m116,2026-07-28,-5,1044,wod_score,w002
m112,2026-07-28,-6,1068,wod_score,w002
m101,2026-07-28,-5,1123,wod_score,w002
m089,2026-07-28,-12,1080,wod_score,w002
m108,2026-07-28,-11,1087,wod_score,w002
m143,2026-07-28,-12,990,wod_score,w002
m148,2026-07-28,-11,962,wod_score,w002
m003,2026-07-29,9,1263,wod_score,w003
m008,2026-07-29,10,1266,wod_score,w003
m019,2026-07-29,9,1182,wod_score,w003
m007,2026-07-29,5,1243,wod_score,w003
m029,2026-07-29,4,1171,wod_score,w003
m055,2026-07-29,6,1142,wod_score,w003
m038,2026-07-29,5,1120,wod_score,w003
m100,2026-07-29,5,1084,wod_score,w003
m017,2026-07-29,0,1202,wod_score,w003
m076,2026-07-29,3,1153,wod_score,w003
m041,2026-07-29,2,1169,wod_score,w003
m042,2026-07-29,3,1162,wod_score,w003
m096,2026-07-29,3,1080,wod_score,w003
m049,2026-07-29,1,1179,wod_score,w003
m112,2026-07-29,0,1068,wod_score,w003
m079,2026-07-29,1,1105,wod_score,w003
m106,2026-07-29,0,1072,wod_score,w003
m069,2026-07-29,-3,1139,wod_score,w003
m107,2026-07-29,-1,1060,wod_score,w003
m064,2026-07-29,-2,1110,wod_score,w003
m113,2026-07-29,-2,1076,wod_score,w003
m127,2026-07-29,0,1047,wod_score,w003
m125,2026-07-29,-1,1027,wod_score,w003
m126,2026-07-29,0,1040,wod_score,w003
m120,2026-07-29,0,1032,wod_score,w003
m144,2026-07-29,-5,976,wod_score,w003
m130,2026-07-29,-6,1059,wod_score,w003
m134,2026-07-29,-4,1003,wod_score,w003
m104,2026-07-29,-6,1068,wod_score,w003
m142,2026-07-29,-7,1066,wod_score,w003
m147,2026-07-29,-8,1011,wod_score,w003
m013,2026-07-29,-12,1114,wod_score,w003
m137,2026-07-29,-11,1064,wod_score,w003
m140,2026-07-29,-9,1022,wod_score,w003
m008,2026-07-30,12,1278,wod_score,w004
m018,2026-07-30,11,1164,wod_score,w004
m003,2026-07-30,9,1272,wod_score,w004
m005,2026-07-30,6,1228,wod_score,w004
m009,2026-07-30,7,1212,wod_score,w004
m034,2026-07-30,7,1115,wod_score,w004
m017,2026-07-30,4,1206,wod_score,w004
m083,2026-07-30,1,1110,wod_score,w004
m019,2026-07-30,2,1184,wod_score,w004
m050,2026-07-30,1,1100,wod_score,w004
m059,2026-07-30,0,1120,wod_score,w004
m049,2026-07-30,2,1181,wod_score,w004
m020,2026-07-30,0,1199,wod_score,w004
m093,2026-07-30,3,1084,wod_score,w004
m062,2026-07-30,2,1094,wod_score,w004
m016,2026-07-30,-3,1172,wod_score,w004
m144,2026-07-30,-2,974,wod_score,w004
m123,2026-07-30,-2,1068,wod_score,w004
m103,2026-07-30,-2,1093,wod_score,w004
m058,2026-07-30,0,1178,wod_score,w004
m132,2026-07-30,-1,1005,wod_score,w004
m071,2026-07-30,-3,1060,wod_score,w004
m122,2026-07-30,-3,1083,wod_score,w004
m139,2026-07-30,-6,997,wod_score,w004
m109,2026-07-30,-5,1095,wod_score,w004
m138,2026-07-30,-4,1067,wod_score,w004
m119,2026-07-30,-6,1066,wod_score,w004
m082,2026-07-30,-9,1132,wod_score,w004
m147,2026-07-30,-10,1001,wod_score,w004
m118,2026-07-30,-8,1048,wod_score,w004
m133,2026-07-30,-12,996,wod_score,w004
m001,2026-07-31,10,1315,wod_score,w005
m046,2026-07-31,8,1090,wod_score,w005
m034,2026-07-31,12,1127,wod_score,w005
m006,2026-07-31,11,1097,wod_score,w005
m036,2026-07-31,4,1201,wod_score,w005
m018,2026-07-31,6,1170,wod_score,w005
m038,2026-07-31,7,1127,wod_score,w005
m035,2026-07-31,5,1175,wod_score,w005
m084,2026-07-31,6,1120,wod_score,w005
m011,2026-07-31,4,1165,wod_score,w005
m015,2026-07-31,7,1226,wod_score,w005
m045,2026-07-31,7,1167,wod_score,w005
m013,2026-07-31,3,1117,wod_score,w005
m070,2026-07-31,0,1102,wod_score,w005
m077,2026-07-31,1,1153,wod_score,w005
m031,2026-07-31,3,1176,wod_score,w005
m076,2026-07-31,2,1155,wod_score,w005
m029,2026-07-31,0,1171,wod_score,w005
m066,2026-07-31,2,1167,wod_score,w005
m048,2026-07-31,3,1109,wod_score,w005
m039,2026-07-31,3,1160,wod_score,w005
m081,2026-07-31,2,1126,wod_score,w005
m021,2026-07-31,0,1169,wod_score,w005
m078,2026-07-31,1,1046,wod_score,w005
m063,2026-07-31,-3,1104,wod_score,w005
m087,2026-07-31,-2,1089,wod_score,w005
m068,2026-07-31,-2,1138,wod_score,w005
m107,2026-07-31,-1,1059,wod_score,w005
m102,2026-07-31,-1,1059,wod_score,w005
m067,2026-07-31,0,1110,wod_score,w005
m094,2026-07-31,-1,1117,wod_score,w005
m120,2026-07-31,-1,1031,wod_score,w005
m138,2026-07-31,0,1067,wod_score,w005
m097,2026-07-31,-1,1092,wod_score,w005
m089,2026-07-31,0,1080,wod_score,w005
m124,2026-07-31,-3,1042,wod_score,w005
m114,2026-07-31,-7,1047,wod_score,w005
m133,2026-07-31,-4,992,wod_score,w005
m122,2026-07-31,-4,1079,wod_score,w005
m121,2026-07-31,-7,1048,wod_score,w005
m050,2026-07-31,-5,1095,wod_score,w005
m110,2026-07-31,-4,1120,wod_score,w005
m140,2026-07-31,-6,1016,wod_score,w005
m126,2026-07-31,-7,1033,wod_score,w005
m131,2026-07-31,-8,1054,wod_score,w005
m149,2026-07-31,-9,936,wod_score,w005
m112,2026-07-31,-8,1060,wod_score,w005
m143,2026-07-31,-9,981,wod_score,w005
m141,2026-07-31,-8,973,wod_score,w005
m010,2026-08-03,8,1216,wod_score,w007
m032,2026-08-03,12,1133,wod_score,w007
m002,2026-08-03,12,1296,wod_score,w007
m025,2026-08-03,9,1189,wod_score,w007
m009,2026-08-03,4,1216,wod_score,w007
m021,2026-08-03,5,1174,wod_score,w007
m016,2026-08-03,6,1178,wod_score,w007
m043,2026-08-03,5,1165,wod_score,w007
m051,2026-08-03,5,1128,wod_score,w007
m064,2026-08-03,4,1114,wod_score,w007
m047,2026-08-03,4,1156,wod_score,w007
m029,2026-08-03,4,1175,wod_score,w007
m026,2026-08-03,2,1197,wod_score,w007
m060,2026-08-03,3,1141,wod_score,w007
m098,2026-08-03,0,1090,wod_score,w007
m091,2026-08-03,3,1077,wod_score,w007
m061,2026-08-03,3,1083,wod_score,w007
m027,2026-08-03,3,1175,wod_score,w007
m056,2026-08-03,3,1150,wod_score,w007
m099,2026-08-03,3,1063,wod_score,w007
m085,2026-08-03,0,1121,wod_score,w007
m086,2026-08-03,3,1092,wod_score,w007
m048,2026-08-03,1,1110,wod_score,w007
m059,2026-08-03,1,1121,wod_score,w007
m078,2026-08-03,-3,1043,wod_score,w007
m053,2026-08-03,0,1150,wod_score,w007
m062,2026-08-03,-2,1092,wod_score,w007
m122,2026-08-03,-2,1077,wod_score,w007
m131,2026-08-03,-3,1051,wod_score,w007
m042,2026-08-03,-3,1159,wod_score,w007
m068,2026-08-03,-3,1135,wod_score,w007
m100,2026-08-03,-1,1083,wod_score,w007
m120,2026-08-03,-2,1029,wod_score,w007
m112,2026-08-03,0,1060,wod_score,w007
m108,2026-08-03,-2,1085,wod_score,w007
m095,2026-08-03,-2,1100,wod_score,w007
m107,2026-08-03,-7,1052,wod_score,w007
m115,2026-08-03,-4,1053,wod_score,w007
m137,2026-08-03,-6,1058,wod_score,w007
m130,2026-08-03,-6,1053,wod_score,w007
m127,2026-08-03,-7,1040,wod_score,w007
m093,2026-08-03,-7,1077,wod_score,w007
m145,2026-08-03,-4,993,wod_score,w007
m117,2026-08-03,-9,1050,wod_score,w007
m126,2026-08-03,-9,1024,wod_score,w007
m124,2026-08-03,-9,1033,wod_score,w007
m138,2026-08-03,-9,1058,wod_score,w007
m142,2026-08-03,-8,1058,wod_score,w007
m001,2026-08-04,9,1324,wod_score,w008
m012,2026-08-04,12,1278,wod_score,w008
m007,2026-08-04,12,1255,wod_score,w008
m044,2026-08-04,8,1142,wod_score,w008
m030,2026-08-04,12,1181,wod_score,w008
m004,2026-08-04,7,1239,wod_score,w008
m031,2026-08-04,5,1181,wod_score,w008
m064,2026-08-04,5,1119,wod_score,w008
m018,2026-08-04,5,1175,wod_score,w008
m079,2026-08-04,6,1111,wod_score,w008
m049,2026-08-04,7,1188,wod_score,w008
m008,2026-08-04,7,1285,wod_score,w008
m095,2026-08-04,0,1100,wod_score,w008
m059,2026-08-04,3,1124,wod_score,w008
m034,2026-08-04,1,1128,wod_score,w008
m081,2026-08-04,2,1128,wod_score,w008
m050,2026-08-04,3,1098,wod_score,w008
m020,2026-08-04,0,1199,wod_score,w008
m115,2026-08-04,1,1054,wod_score,w008
m080,2026-08-04,1,1100,wod_score,w008
m112,2026-08-04,3,1063,wod_score,w008
m098,2026-08-04,1,1091,wod_score,w008
m074,2026-08-04,1,1126,wod_score,w008
m071,2026-08-04,2,1062,wod_score,w008
m125,2026-08-04,3,1030,wod_score,w008
m066,2026-08-04,-3,1164,wod_score,w008
m040,2026-08-04,0,1159,wod_score,w008
m047,2026-08-04,0,1156,wod_score,w008
m072,2026-08-04,0,1131,wod_score,w008
m015,2026-08-04,0,1226,wod_score,w008
m069,2026-08-04,-1,1138,wod_score,w008
m026,2026-08-04,-3,1194,wod_score,w008
m110,2026-08-04,-1,1119,wod_score,w008
m100,2026-08-04,-1,1082,wod_score,w008
m144,2026-08-04,-3,971,wod_score,w008
m136,2026-08-04,0,1005,wod_score,w008
m114,2026-08-04,-2,1045,wod_score,w008
m134,2026-08-04,-1,1002,wod_score,w008
m105,2026-08-04,-4,1057,wod_score,w008
m131,2026-08-04,-7,1044,wod_score,w008
m101,2026-08-04,-5,1118,wod_score,w008
m148,2026-08-04,-5,957,wod_score,w008
m099,2026-08-04,-6,1057,wod_score,w008
m122,2026-08-04,-6,1071,wod_score,w008
m150,2026-08-04,-7,961,wod_score,w008
m137,2026-08-04,-9,1049,wod_score,w008
m149,2026-08-04,-8,928,wod_score,w008
m133,2026-08-04,-10,982,wod_score,w008
m145,2026-08-04,-11,982,wod_score,w008
m124,2026-08-04,-8,1025,wod_score,w008
m143,2026-08-04,-11,970,wod_score,w008
m001,2026-08-05,12,1336,wod_score,w009
m043,2026-08-05,8,1173,wod_score,w009
m003,2026-08-05,6,1278,wod_score,w009
m002,2026-08-05,6,1302,wod_score,w009
m020,2026-08-05,4,1203,wod_score,w009
m050,2026-08-05,6,1104,wod_score,w009
m054,2026-08-05,1,1098,wod_score,w009
m019,2026-08-05,0,1184,wod_score,w009
m031,2026-08-05,0,1181,wod_score,w009
m022,2026-08-05,1,1184,wod_score,w009
m014,2026-08-05,1,1204,wod_score,w009
m077,2026-08-05,3,1156,wod_score,w009
m063,2026-08-05,-1,1103,wod_score,w009
m110,2026-08-05,-1,1118,wod_score,w009
m101,2026-08-05,-2,1116,wod_score,w009
m061,2026-08-05,-1,1082,wod_score,w009
m058,2026-08-05,-3,1175,wod_score,w009
m028,2026-08-05,-1,1167,wod_score,w009
m099,2026-08-05,-4,1053,wod_score,w009
m056,2026-08-05,-4,1146,wod_score,w009
m030,2026-08-05,-7,1174,wod_score,w009
m123,2026-08-05,-11,1057,wod_score,w009
m144,2026-08-05,-8,963,wod_score,w009
m145,2026-08-05,-12,970,wod_score,w009
m029,2026-08-06,8,1183,wod_score,w010
m035,2026-08-06,11,1186,wod_score,w010
m002,2026-08-06,11,1313,wod_score,w010
m025,2026-08-06,6,1195,wod_score,w010
m057,2026-08-06,6,1134,wod_score,w010
m037,2026-08-06,4,1146,wod_score,w010
m027,2026-08-06,5,1180,wod_score,w010
m070,2026-08-06,6,1108,wod_score,w010
m039,2026-08-06,3,1163,wod_score,w010
m063,2026-08-06,3,1106,wod_score,w010
m034,2026-08-06,0,1128,wod_score,w010
m019,2026-08-06,3,1187,wod_score,w010
m048,2026-08-06,2,1112,wod_score,w010
m082,2026-08-06,0,1132,wod_score,w010
m096,2026-08-06,3,1083,wod_score,w010
m097,2026-08-06,0,1092,wod_score,w010
m044,2026-08-06,-1,1141,wod_score,w010
m085,2026-08-06,-2,1119,wod_score,w010
m089,2026-08-06,-1,1079,wod_score,w010
m084,2026-08-06,0,1120,wod_score,w010
m058,2026-08-06,0,1175,wod_score,w010
m114,2026-08-06,-3,1042,wod_score,w010
m131,2026-08-06,0,1044,wod_score,w010
m106,2026-08-06,-2,1070,wod_score,w010
m113,2026-08-06,-7,1069,wod_score,w010
m112,2026-08-06,-7,1056,wod_score,w010
m101,2026-08-06,-5,1111,wod_score,w010
m135,2026-08-06,-4,998,wod_score,w010
m132,2026-08-06,-6,999,wod_score,w010
m145,2026-08-06,-8,962,wod_score,w010
m080,2026-08-06,-8,1092,wod_score,w010
m140,2026-08-06,-9,1007,wod_score,w010
m134,2026-08-06,-9,993,wod_score,w010
m002,2026-08-07,12,1325,wod_score,w011
m016,2026-08-07,8,1186,wod_score,w011
m032,2026-08-07,9,1142,wod_score,w011
m077,2026-08-07,4,1160,wod_score,w011
m018,2026-08-07,6,1181,wod_score,w011
m028,2026-08-07,7,1174,wod_score,w011
m031,2026-08-07,4,1185,wod_score,w011
m072,2026-08-07,2,1133,wod_score,w011
m106,2026-08-07,2,1072,wod_score,w011
m102,2026-08-07,2,1061,wod_score,w011
m109,2026-08-07,1,1096,wod_score,w011
m098,2026-08-07,3,1094,wod_score,w011
m054,2026-08-07,1,1099,wod_score,w011
m076,2026-08-07,0,1155,wod_score,w011
m075,2026-08-07,2,1131,wod_score,w011
m118,2026-08-07,-2,1046,wod_score,w011
m069,2026-08-07,-1,1137,wod_score,w011
m074,2026-08-07,-2,1124,wod_score,w011
m093,2026-08-07,-1,1076,wod_score,w011
m083,2026-08-07,0,1110,wod_score,w011
m137,2026-08-07,-1,1048,wod_score,w011
m124,2026-08-07,-3,1022,wod_score,w011
m104,2026-08-07,-5,1063,wod_score,w011
m135,2026-08-07,-7,991,wod_score,w011
m103,2026-08-07,-5,1088,wod_score,w011
m094,2026-08-07,-7,1110,wod_score,w011
m140,2026-08-07,-7,1000,wod_score,w011
m130,2026-08-07,-10,1043,wod_score,w011
m143,2026-08-07,-12,958,wod_score,w011
m148,2026-08-07,-11,946,wod_score,w011
m001,2026-08-10,12,1348,wod_score,w013
m006,2026-08-10,11,1108,wod_score,w013
m079,2026-08-10,9,1120,wod_score,w013
m022,2026-08-10,9,1193,wod_score,w013
m084,2026-08-10,7,1127,wod_score,w013
m064,2026-08-10,4,1123,wod_score,w013
m010,2026-08-10,7,1223,wod_score,w013
m023,2026-08-10,4,1163,wod_score,w013
m111,2026-08-10,6,1051,wod_score,w013
m047,2026-08-10,4,1160,wod_score,w013
m007,2026-08-10,2,1257,wod_score,w013
m029,2026-08-10,1,1184,wod_score,w013
m025,2026-08-10,2,1197,wod_score,w013
m066,2026-08-10,1,1165,wod_score,w013
m046,2026-08-10,2,1092,wod_score,w013
m048,2026-08-10,1,1113,wod_score,w013
m059,2026-08-10,1,1125,wod_score,w013
m044,2026-08-10,2,1143,wod_score,w013
m057,2026-08-10,2,1136,wod_score,w013
m026,2026-08-10,1,1195,wod_score,w013
m035,2026-08-10,2,1188,wod_score,w013
m060,2026-08-10,-3,1138,wod_score,w013
m038,2026-08-10,-1,1126,wod_score,w013
m024,2026-08-10,-1,1174,wod_score,w013
m120,2026-08-10,-3,1026,wod_score,w013
m080,2026-08-10,-2,1090,wod_score,w013
m103,2026-08-10,-2,1086,wod_score,w013
m061,2026-08-10,0,1082,wod_score,w013
m072,2026-08-10,0,1133,wod_score,w013
m049,2026-08-10,-2,1186,wod_score,w013
m099,2026-08-10,0,1053,wod_score,w013
m119,2026-08-10,-4,1062,wod_score,w013
m027,2026-08-10,-7,1173,wod_score,w013
m148,2026-08-10,-7,939,wod_score,w013
m109,2026-08-10,-7,1089,wod_score,w013
m087,2026-08-10,-6,1083,wod_score,w013
m138,2026-08-10,-5,1053,wod_score,w013
m095,2026-08-10,-12,1088,wod_score,w013
m147,2026-08-10,-9,992,wod_score,w013
m097,2026-08-10,-10,1082,wod_score,w013
m128,2026-08-10,-12,1071,wod_score,w013
m117,2026-08-10,-12,1038,wod_score,w013
m009,2026-08-11,11,1227,wod_score,w014
m014,2026-08-11,10,1214,wod_score,w014
m028,2026-08-11,12,1186,wod_score,w014
m039,2026-08-11,9,1172,wod_score,w014
m024,2026-08-11,7,1181,wod_score,w014
m019,2026-08-11,4,1191,wod_score,w014
m080,2026-08-11,6,1096,wod_score,w014
m053,2026-08-11,4,1154,wod_score,w014
m016,2026-08-11,6,1192,wod_score,w014
m003,2026-08-11,4,1282,wod_score,w014
m061,2026-08-11,7,1089,wod_score,w014
m084,2026-08-11,0,1127,wod_score,w014
m037,2026-08-11,0,1146,wod_score,w014
m011,2026-08-11,3,1168,wod_score,w014
m060,2026-08-11,3,1141,wod_score,w014
m094,2026-08-11,0,1110,wod_score,w014
m122,2026-08-11,3,1074,wod_score,w014
m031,2026-08-11,1,1186,wod_score,w014
m096,2026-08-11,2,1085,wod_score,w014
m107,2026-08-11,0,1052,wod_score,w014
m043,2026-08-11,1,1174,wod_score,w014
m089,2026-08-11,2,1081,wod_score,w014
m027,2026-08-11,-3,1170,wod_score,w014
m052,2026-08-11,-1,1175,wod_score,w014
m030,2026-08-11,-2,1172,wod_score,w014
m066,2026-08-11,-2,1163,wod_score,w014
m093,2026-08-11,-3,1073,wod_score,w014
m132,2026-08-11,-2,997,wod_score,w014
m123,2026-08-11,-1,1056,wod_score,w014
m081,2026-08-11,-3,1125,wod_score,w014
m111,2026-08-11,0,1051,wod_score,w014
m131,2026-08-11,0,1044,wod_score,w014
m108,2026-08-11,0,1085,wod_score,w014
m127,2026-08-11,-5,1035,wod_score,w014
m114,2026-08-11,-6,1036,wod_score,w014
m121,2026-08-11,-7,1041,wod_score,w014
m124,2026-08-11,-6,1016,wod_score,w014
m142,2026-08-11,-6,1052,wod_score,w014
m128,2026-08-11,-5,1066,wod_score,w014
m130,2026-08-11,-9,1034,wod_score,w014
m140,2026-08-11,-8,992,wod_score,w014
m143,2026-08-11,-8,950,wod_score,w014
m141,2026-08-11,-12,961,wod_score,w014
m150,2026-08-11,-8,953,wod_score,w014
m024,2026-08-12,8,1189,wod_score,w015
m010,2026-08-12,11,1234,wod_score,w015
m014,2026-08-12,8,1222,wod_score,w015
m051,2026-08-12,4,1132,wod_score,w015
m016,2026-08-12,7,1199,wod_score,w015
m049,2026-08-12,5,1191,wod_score,w015
m017,2026-08-12,5,1211,wod_score,w015
m059,2026-08-12,6,1131,wod_score,w015
m042,2026-08-12,0,1159,wod_score,w015
m068,2026-08-12,3,1138,wod_score,w015
m109,2026-08-12,3,1092,wod_score,w015
m061,2026-08-12,0,1089,wod_score,w015
m078,2026-08-12,0,1043,wod_score,w015
m072,2026-08-12,0,1133,wod_score,w015
m129,2026-08-12,2,1033,wod_score,w015
m066,2026-08-12,0,1163,wod_score,w015
m073,2026-08-12,0,1129,wod_score,w015
m071,2026-08-12,-2,1060,wod_score,w015
m143,2026-08-12,-3,947,wod_score,w015
m105,2026-08-12,-2,1055,wod_score,w015
m076,2026-08-12,0,1155,wod_score,w015
m145,2026-08-12,0,962,wod_score,w015
m093,2026-08-12,-2,1071,wod_score,w015
m121,2026-08-12,-3,1038,wod_score,w015
m026,2026-08-12,-2,1193,wod_score,w015
m096,2026-08-12,-2,1083,wod_score,w015
m113,2026-08-12,-5,1064,wod_score,w015
m135,2026-08-12,-5,986,wod_score,w015
m098,2026-08-12,-5,1089,wod_score,w015
m141,2026-08-12,-5,956,wod_score,w015
m092,2026-08-12,-5,1078,wod_score,w015
m046,2026-08-12,-10,1082,wod_score,w015
m138,2026-08-12,-12,1041,wod_score,w015
m083,2026-08-12,-8,1102,wod_score,w015
m103,2026-08-12,-9,1077,wod_score,w015
m008,2026-08-13,11,1296,wod_score,w016
m041,2026-08-13,10,1179,wod_score,w016
m033,2026-08-13,6,1172,wod_score,w016
m003,2026-08-13,7,1289,wod_score,w016
m007,2026-08-13,6,1263,wod_score,w016
m048,2026-08-13,2,1115,wod_score,w016
m063,2026-08-13,3,1109,wod_score,w016
m012,2026-08-13,1,1279,wod_score,w016
m045,2026-08-13,0,1167,wod_score,w016
m006,2026-08-13,2,1110,wod_score,w016
m020,2026-08-13,1,1204,wod_score,w016
m094,2026-08-13,-3,1107,wod_score,w016
m025,2026-08-13,-1,1196,wod_score,w016
m076,2026-08-13,0,1155,wod_score,w016
m073,2026-08-13,0,1129,wod_score,w016
m090,2026-08-13,-2,1092,wod_score,w016
m056,2026-08-13,0,1146,wod_score,w016
m054,2026-08-13,-6,1093,wod_score,w016
m043,2026-08-13,-6,1168,wod_score,w016
m061,2026-08-13,-5,1084,wod_score,w016
m077,2026-08-13,-9,1151,wod_score,w016
m133,2026-08-13,-8,974,wod_score,w016
m123,2026-08-13,-12,1044,wod_score,w016
m046,2026-08-14,11,1093,wod_score,w017
m023,2026-08-14,10,1173,wod_score,w017
m010,2026-08-14,10,1244,wod_score,w017
m005,2026-08-14,10,1238,wod_score,w017
m006,2026-08-14,12,1122,wod_score,w017
m066,2026-08-14,7,1170,wod_score,w017
m022,2026-08-14,6,1199,wod_score,w017
m087,2026-08-14,6,1089,wod_score,w017
m026,2026-08-14,5,1198,wod_score,w017
m030,2026-08-14,4,1176,wod_score,w017
m078,2026-08-14,6,1049,wod_score,w017
m051,2026-08-14,7,1139,wod_score,w017
m071,2026-08-14,4,1064,wod_score,w017
m089,2026-08-14,1,1082,wod_score,w017
m031,2026-08-14,0,1186,wod_score,w017
m019,2026-08-14,3,1194,wod_score,w017
m056,2026-08-14,2,1148,wod_score,w017
m027,2026-08-14,0,1170,wod_score,w017
m055,2026-08-14,3,1145,wod_score,w017
m024,2026-08-14,3,1192,wod_score,w017
m068,2026-08-14,3,1141,wod_score,w017
m090,2026-08-14,0,1092,wod_score,w017
m028,2026-08-14,0,1186,wod_score,w017
m076,2026-08-14,0,1155,wod_score,w017
m067,2026-08-14,0,1110,wod_score,w017
m083,2026-08-14,0,1102,wod_score,w017
m084,2026-08-14,-1,1126,wod_score,w017
m049,2026-08-14,-3,1188,wod_score,w017
m048,2026-08-14,-1,1114,wod_score,w017
m094,2026-08-14,-2,1105,wod_score,w017
m102,2026-08-14,-1,1060,wod_score,w017
m047,2026-08-14,-1,1159,wod_score,w017
m070,2026-08-14,-2,1106,wod_score,w017
m119,2026-08-14,-2,1060,wod_score,w017
m132,2026-08-14,-3,994,wod_score,w017
m117,2026-08-14,-2,1036,wod_score,w017
m120,2026-08-14,-1,1025,wod_score,w017
m110,2026-08-14,-1,1117,wod_score,w017
m112,2026-08-14,-3,1053,wod_score,w017
m113,2026-08-14,-6,1058,wod_score,w017
m101,2026-08-14,-4,1107,wod_score,w017
m140,2026-08-14,-5,987,wod_score,w017
m092,2026-08-14,-4,1074,wod_score,w017
m103,2026-08-14,-7,1070,wod_score,w017
m145,2026-08-14,-6,956,wod_score,w017
m135,2026-08-14,-5,981,wod_score,w017
m141,2026-08-14,-7,949,wod_score,w017
m126,2026-08-14,-9,1015,wod_score,w017
m137,2026-08-14,-10,1038,wod_score,w017
m149,2026-08-14,-11,917,wod_score,w017
m146,2026-08-14,-12,956,wod_score,w017
m134,2026-08-14,-12,981,wod_score,w017
m139,2026-08-14,-10,987,wod_score,w017
m099,2026-08-17,26,1079,match_win,t001-wb001
m008,2026-08-17,-26,1270,match_loss,t001-wb001
m019,2026-08-17,14,1208,match_win,t001-wb002
m077,2026-08-17,-14,1137,match_loss,t001-wb002
m018,2026-08-17,8,1189,match_win,t001-wb003
m147,2026-08-17,-8,984,match_loss,t001-wb003
m022,2026-08-17,12,1211,match_win,t001-wb004
m013,2026-08-17,-12,1105,match_loss,t001-wb004
m049,2026-08-17,6,1194,match_win,t001-wb005
m149,2026-08-17,-6,911,match_loss,t001-wb005
m054,2026-08-17,15,1108,match_win,t001-wb006
m122,2026-08-17,-15,1059,match_loss,t001-wb006
m041,2026-08-17,16,1195,match_win,t001-wb007
m052,2026-08-17,-16,1159,match_loss,t001-wb007
m006,2026-08-17,12,1134,match_win,t001-wb008
m138,2026-08-17,-12,1029,match_loss,t001-wb008
m136,2026-08-17,22,1027,match_win,t001-wb009
m072,2026-08-17,-22,1111,match_loss,t001-wb009
m046,2026-08-17,20,1113,match_win,t001-wb010
m035,2026-08-17,-20,1168,match_loss,t001-wb010
m066,2026-08-17,8,1178,match_win,t001-wb011
m140,2026-08-17,-8,979,match_loss,t001-wb011
m062,2026-08-17,10,1102,match_win,t001-wb012
m145,2026-08-17,-10,946,match_loss,t001-wb012
m036,2026-08-17,11,1212,match_win,t001-wb013
m061,2026-08-17,-11,1073,match_loss,t001-wb013
m121,2026-08-17,19,1057,match_win,t001-wb014
m094,2026-08-17,-19,1086,match_loss,t001-wb014
m037,2026-08-17,12,1158,match_win,t001-wb015
m078,2026-08-17,-12,1037,match_loss,t001-wb015
m109,2026-08-17,11,1103,match_win,t001-wb016
m139,2026-08-17,-11,976,match_loss,t001-wb016
m061,2026-08-17,12,1085,match_win,t001-lb001
m147,2026-08-17,-12,972,match_loss,t001-lb001
m008,2026-08-17,4,1274,match_win,t001-lb002
m145,2026-08-17,-4,942,match_loss,t001-lb002
m072,2026-08-17,10,1121,match_win,t001-lb003
m139,2026-08-17,-10,966,match_loss,t001-lb003
m078,2026-08-17,18,1055,match_win,t001-lb004
m094,2026-08-17,-18,1068,match_loss,t001-lb004
m122,2026-08-17,20,1079,match_win,t001-lb005
m077,2026-08-17,-20,1117,match_loss,t001-lb005
m035,2026-08-17,10,1178,match_win,t001-lb006
m138,2026-08-17,-10,1019,match_loss,t001-lb006
m013,2026-08-17,10,1115,match_win,t001-lb007
m140,2026-08-17,-10,969,match_loss,t001-lb007
m149,2026-08-17,26,937,match_win,t001-lb008
m052,2026-08-17,-26,1133,match_loss,t001-lb008
m001,2026-08-17,8,1356,wod_score,w019
m015,2026-08-17,10,1236,wod_score,w019
m004,2026-08-17,12,1251,wod_score,w019
m011,2026-08-17,12,1180,wod_score,w019
m030,2026-08-17,5,1181,wod_score,w019
m026,2026-08-17,5,1203,wod_score,w019
m047,2026-08-17,7,1166,wod_score,w019
m038,2026-08-17,6,1132,wod_score,w019
m022,2026-08-17,4,1215,wod_score,w019
m016,2026-08-17,6,1205,wod_score,w019
m070,2026-08-17,3,1109,wod_score,w019
m087,2026-08-17,0,1089,wod_score,w019
m017,2026-08-17,0,1211,wod_score,w019
m019,2026-08-17,3,1211,wod_score,w019
m058,2026-08-17,2,1177,wod_score,w019
m032,2026-08-17,2,1144,wod_score,w019
m031,2026-08-17,1,1187,wod_score,w019
m035,2026-08-17,2,1180,wod_score,w019
m049,2026-08-17,2,1196,wod_score,w019
m018,2026-08-17,1,1190,wod_score,w019
m065,2026-08-17,-2,1156,wod_score,w019
m116,2026-08-17,-2,1042,wod_score,w019
m045,2026-08-17,-2,1165,wod_score,w019
m074,2026-08-17,-3,1121,wod_score,w019
m055,2026-08-17,-3,1142,wod_score,w019
m098,2026-08-17,-2,1087,wod_score,w019
m080,2026-08-17,-1,1095,wod_score,w019
m064,2026-08-17,-2,1121,wod_score,w019
m040,2026-08-17,0,1159,wod_score,w019
m073,2026-08-17,-3,1126,wod_score,w019
m069,2026-08-17,-5,1132,wod_score,w019
m079,2026-08-17,-6,1114,wod_score,w019
m124,2026-08-17,-4,1012,wod_score,w019
m115,2026-08-17,-6,1048,wod_score,w019
m042,2026-08-17,-5,1154,wod_score,w019
m067,2026-08-17,-5,1105,wod_score,w019
m128,2026-08-17,-10,1056,wod_score,w019
m110,2026-08-17,-8,1109,wod_score,w019
m013,2026-08-17,-9,1106,wod_score,w019
m109,2026-08-17,-11,1092,wod_score,w019
m127,2026-08-17,-9,1026,wod_score,w019
m019,2026-08-18,10,1221,match_win,t001-wb017
m099,2026-08-18,-10,1069,match_loss,t001-wb017
m022,2026-08-18,15,1230,match_win,t001-wb018
m018,2026-08-18,-15,1175,match_loss,t001-wb018
m054,2026-08-18,20,1128,match_win,t001-wb019
m049,2026-08-18,-20,1176,match_loss,t001-wb019
m006,2026-08-18,19,1153,match_win,t001-wb020
m041,2026-08-18,-19,1176,match_loss,t001-wb020
m046,2026-08-18,12,1125,match_win,t001-wb021
m136,2026-08-18,-12,1015,match_loss,t001-wb021
m062,2026-08-18,19,1121,match_win,t001-wb022
m066,2026-08-18,-19,1159,match_loss,t001-wb022
m036,2026-08-18,9,1221,match_win,t001-wb023
m121,2026-08-18,-9,1048,match_loss,t001-wb023
m037,2026-08-18,13,1171,match_win,t001-wb024
m109,2026-08-18,-13,1079,match_loss,t001-wb024
m061,2026-08-18,16,1101,match_win,t001-lb009
m122,2026-08-18,-16,1063,match_loss,t001-lb009
m066,2026-08-18,21,1180,match_win,t001-lb010
m008,2026-08-18,-21,1253,match_loss,t001-lb010
m078,2026-08-18,14,1069,match_win,t001-lb011
m136,2026-08-18,-14,1001,match_loss,t001-lb011
m013,2026-08-18,15,1121,match_win,t001-lb012
m109,2026-08-18,-15,1064,match_loss,t001-lb012
m018,2026-08-18,11,1186,match_win,t001-lb013
m099,2026-08-18,-11,1058,match_loss,t001-lb013
m149,2026-08-18,21,958,match_win,t001-lb014
m121,2026-08-18,-21,1027,match_loss,t001-lb014
m049,2026-08-18,16,1192,match_win,t001-lb015
m041,2026-08-18,-16,1160,match_loss,t001-lb015
m072,2026-08-18,19,1140,match_win,t001-lb016
m035,2026-08-18,-19,1161,match_loss,t001-lb016
m001,2026-08-18,10,1366,wod_score,w020
m011,2026-08-18,9,1189,wod_score,w020
m002,2026-08-18,7,1332,wod_score,w020
m029,2026-08-18,6,1190,wod_score,w020
m055,2026-08-18,5,1147,wod_score,w020
m023,2026-08-18,7,1180,wod_score,w020
m056,2026-08-18,2,1150,wod_score,w020
m053,2026-08-18,0,1154,wod_score,w020
m039,2026-08-18,2,1174,wod_score,w020
m049,2026-08-18,1,1193,wod_score,w020
m068,2026-08-18,1,1142,wod_score,w020
m041,2026-08-18,1,1161,wod_score,w020
m013,2026-08-18,-2,1119,wod_score,w020
m050,2026-08-18,0,1104,wod_score,w020
m137,2026-08-18,-1,1037,wod_score,w020
m107,2026-08-18,0,1052,wod_score,w020
m073,2026-08-18,-2,1124,wod_score,w020
m120,2026-08-18,-3,1022,wod_score,w020
m067,2026-08-18,-4,1101,wod_score,w020
m122,2026-08-18,-4,1059,wod_score,w020
m112,2026-08-18,-4,1049,wod_score,w020
m098,2026-08-18,-6,1081,wod_score,w020
m123,2026-08-18,-9,1035,wod_score,w020
m061,2026-08-18,-8,1093,wod_score,w020
m085,2026-08-18,-11,1108,wod_score,w020
m019,2026-08-19,16,1237,match_win,t001-wb025
m022,2026-08-19,-16,1214,match_loss,t001-wb025
m006,2026-08-19,15,1168,match_win,t001-wb026
m054,2026-08-19,-15,1113,match_loss,t001-wb026
m062,2026-08-19,16,1137,match_win,t001-wb027
m046,2026-08-19,-16,1109,match_loss,t001-wb027
m037,2026-08-19,18,1189,match_win,t001-wb028
m036,2026-08-19,-18,1203,match_loss,t001-wb028
m061,2026-08-19,10,1103,match_win,t001-lb017
m149,2026-08-19,-10,948,match_loss,t001-lb017
m054,2026-08-19,20,1133,match_win,t001-lb018
m049,2026-08-19,-20,1173,match_loss,t001-lb018
m078,2026-08-19,22,1091,match_win,t001-lb019
m036,2026-08-19,-22,1181,match_loss,t001-lb019
m066,2026-08-19,18,1198,match_win,t001-lb020
m022,2026-08-19,-18,1196,match_loss,t001-lb020
m018,2026-08-19,14,1200,match_win,t001-lb021
m072,2026-08-19,-14,1126,match_loss,t001-lb021
m013,2026-08-19,16,1135,match_win,t001-lb022
m046,2026-08-19,-16,1093,match_loss,t001-lb022
m004,2026-08-19,12,1263,wod_score,w021
m018,2026-08-19,9,1209,wod_score,w021
m011,2026-08-19,12,1201,wod_score,w021
m019,2026-08-19,12,1249,wod_score,w021
m002,2026-08-19,7,1339,wod_score,w021
m003,2026-08-19,4,1293,wod_score,w021
m054,2026-08-19,7,1140,wod_score,w021
m006,2026-08-19,5,1173,wod_score,w021
m033,2026-08-19,5,1177,wod_score,w021
m063,2026-08-19,6,1115,wod_score,w021
m067,2026-08-19,7,1108,wod_score,w021
m026,2026-08-19,2,1205,wod_score,w021
m036,2026-08-19,0,1181,wod_score,w021
m025,2026-08-19,2,1198,wod_score,w021
m037,2026-08-19,2,1191,wod_score,w021
m035,2026-08-19,1,1162,wod_score,w021
m051,2026-08-19,2,1141,wod_score,w021
m078,2026-08-19,0,1091,wod_score,w021
m112,2026-08-19,3,1052,wod_score,w021
m069,2026-08-19,0,1132,wod_score,w021
m079,2026-08-19,2,1116,wod_score,w021
m094,2026-08-19,1,1069,wod_score,w021
m066,2026-08-19,-3,1195,wod_score,w021
m125,2026-08-19,0,1030,wod_score,w021
m072,2026-08-19,-1,1125,wod_score,w021
m089,2026-08-19,0,1082,wod_score,w021
m062,2026-08-19,-2,1135,wod_score,w021
m099,2026-08-19,-2,1056,wod_score,w021
m076,2026-08-19,-3,1152,wod_score,w021
m124,2026-08-19,0,1012,wod_score,w021
m106,2026-08-19,-1,1071,wod_score,w021
m127,2026-08-19,-1,1025,wod_score,w021
m098,2026-08-19,-2,1079,wod_score,w021
m130,2026-08-19,-5,1029,wod_score,w021
m121,2026-08-19,-5,1022,wod_score,w021
m110,2026-08-19,-5,1104,wod_score,w021
m105,2026-08-19,-6,1049,wod_score,w021
m135,2026-08-19,-7,974,wod_score,w021
m119,2026-08-19,-7,1053,wod_score,w021
m108,2026-08-19,-9,1076,wod_score,w021
m141,2026-08-19,-8,941,wod_score,w021
m144,2026-08-19,-9,954,wod_score,w021
m147,2026-08-19,-9,963,wod_score,w021
m143,2026-08-19,-11,936,wod_score,w021
m006,2026-08-20,19,1192,match_win,t001-wb029
m019,2026-08-20,-19,1230,match_loss,t001-wb029
m062,2026-08-20,19,1154,match_win,t001-wb030
m037,2026-08-20,-19,1172,match_loss,t001-wb030
m013,2026-08-20,20,1155,match_win,t001-lb023
m019,2026-08-20,-20,1210,match_loss,t001-lb023
m054,2026-08-20,14,1154,match_win,t001-lb024
m061,2026-08-20,-14,1089,match_loss,t001-lb024
m078,2026-08-20,21,1112,match_win,t001-lb025
m066,2026-08-20,-21,1174,match_loss,t001-lb025
m018,2026-08-20,14,1223,match_win,t001-lb026
m037,2026-08-20,-14,1158,match_loss,t001-lb026
m028,2026-08-20,12,1198,wod_score,w022
m022,2026-08-20,9,1205,wod_score,w022
m050,2026-08-20,10,1114,wod_score,w022
m044,2026-08-20,7,1150,wod_score,w022
m035,2026-08-20,7,1169,wod_score,w022
m019,2026-08-20,7,1217,wod_score,w022
m013,2026-08-20,4,1159,wod_score,w022
m016,2026-08-20,4,1209,wod_score,w022
m023,2026-08-20,0,1180,wod_score,w022
m039,2026-08-20,3,1177,wod_score,w022
m058,2026-08-20,2,1179,wod_score,w022
m105,2026-08-20,2,1051,wod_score,w022
m053,2026-08-20,1,1155,wod_score,w022
m099,2026-08-20,1,1057,wod_score,w022
m006,2026-08-20,1,1193,wod_score,w022
m047,2026-08-20,1,1167,wod_score,w022
m032,2026-08-20,0,1144,wod_score,w022
m112,2026-08-20,-3,1049,wod_score,w022
m103,2026-08-20,-2,1068,wod_score,w022
m065,2026-08-20,0,1156,wod_score,w022
m021,2026-08-20,0,1174,wod_score,w022
m109,2026-08-20,-3,1061,wod_score,w022
m125,2026-08-20,-2,1028,wod_score,w022
m101,2026-08-20,-1,1106,wod_score,w022
m141,2026-08-20,-6,935,wod_score,w022
m144,2026-08-20,-4,950,wod_score,w022
m069,2026-08-20,-7,1125,wod_score,w022
m110,2026-08-20,-7,1097,wod_score,w022
m142,2026-08-20,-8,1044,wod_score,w022
m113,2026-08-20,-12,1046,wod_score,w022
m138,2026-08-20,-9,1010,wod_score,w022
m147,2026-08-20,-9,954,wod_score,w022
m006,2026-08-21,14,1207,match_win,t001-wb031
m062,2026-08-21,-14,1140,match_loss,t001-wb031
m078,2026-08-21,21,1133,match_win,t001-lb027
m018,2026-08-21,-21,1202,match_loss,t001-lb027
m062,2026-08-21,17,1157,match_win,t001-lb028
m054,2026-08-21,-17,1137,match_loss,t001-lb028
m002,2026-08-21,10,1349,wod_score,w023
m037,2026-08-21,12,1170,wod_score,w023
m003,2026-08-21,4,1297,wod_score,w023
m049,2026-08-21,6,1179,wod_score,w023
m052,2026-08-21,7,1140,wod_score,w023
m105,2026-08-21,5,1056,wod_score,w023
m024,2026-08-21,5,1197,wod_score,w023
m109,2026-08-21,0,1061,wod_score,w023
m022,2026-08-21,3,1208,wod_score,w023
m059,2026-08-21,1,1132,wod_score,w023
m119,2026-08-21,2,1055,wod_score,w023
m029,2026-08-21,1,1191,wod_score,w023
m021,2026-08-21,1,1175,wod_score,w023
m064,2026-08-21,3,1124,wod_score,w023
m017,2026-08-21,-2,1209,wod_score,w023
m073,2026-08-21,-1,1123,wod_score,w023
m086,2026-08-21,-1,1091,wod_score,w023
m112,2026-08-21,0,1049,wod_score,w023
m057,2026-08-21,-3,1133,wod_score,w023
m046,2026-08-21,0,1093,wod_score,w023
m081,2026-08-21,0,1125,wod_score,w023
m076,2026-08-21,-4,1148,wod_score,w023
m123,2026-08-21,-5,1030,wod_score,w023
m137,2026-08-21,-6,1031,wod_score,w023
m110,2026-08-21,-4,1093,wod_score,w023
m142,2026-08-21,-10,1034,wod_score,w023
m103,2026-08-21,-12,1056,wod_score,w023
m146,2026-08-21,-12,944,wod_score,w023
m075,2026-08-24,17,1148,match_win,t004-wb001
m065,2026-08-24,-17,1139,match_loss,t004-wb001
m038,2026-08-24,14,1146,match_win,t004-wb002
m110,2026-08-24,-14,1079,match_loss,t004-wb002
m101,2026-08-24,17,1123,match_win,t004-wb003
m081,2026-08-24,-17,1108,match_loss,t004-wb003
m041,2026-08-24,13,1174,match_win,t004-wb004
m061,2026-08-24,-13,1076,match_loss,t004-wb004
m038,2026-08-24,16,1162,match_win,t004-wb005
m075,2026-08-24,-16,1132,match_loss,t004-wb005
m041,2026-08-24,14,1188,match_win,t004-wb006
m101,2026-08-24,-14,1109,match_loss,t004-wb006
m038,2026-08-24,17,1179,match_win,t004-wb007
m041,2026-08-24,-17,1171,match_loss,t004-wb007
m081,2026-08-24,17,1125,match_win,t004-lb001
m065,2026-08-24,-17,1122,match_loss,t004-lb001
m061,2026-08-24,16,1092,match_win,t004-lb002
m110,2026-08-24,-16,1063,match_loss,t004-lb002
m061,2026-08-24,18,1110,match_win,t004-lb003
m075,2026-08-24,-18,1114,match_loss,t004-lb003
m101,2026-08-24,17,1126,match_win,t004-lb004
m081,2026-08-24,-17,1108,match_loss,t004-lb004
m061,2026-08-24,17,1127,match_win,t004-lb005
m101,2026-08-24,-17,1109,match_loss,t004-lb005
m001,2026-08-24,11,1377,wod_score,w025
m003,2026-08-24,12,1309,wod_score,w025
m021,2026-08-24,11,1186,wod_score,w025
m004,2026-08-24,7,1270,wod_score,w025
m020,2026-08-24,6,1210,wod_score,w025
m024,2026-08-24,6,1203,wod_score,w025
m044,2026-08-24,5,1155,wod_score,w025
m049,2026-08-24,5,1184,wod_score,w025
m077,2026-08-24,5,1122,wod_score,w025
m025,2026-08-24,3,1201,wod_score,w025
m058,2026-08-24,0,1179,wod_score,w025
m070,2026-08-24,2,1111,wod_score,w025
m038,2026-08-24,3,1182,wod_score,w025
m034,2026-08-24,2,1130,wod_score,w025
m041,2026-08-24,2,1173,wod_score,w025
m050,2026-08-24,3,1117,wod_score,w025
m053,2026-08-24,1,1156,wod_score,w025
m064,2026-08-24,2,1126,wod_score,w025
m040,2026-08-24,1,1160,wod_score,w025
m057,2026-08-24,0,1133,wod_score,w025
m107,2026-08-24,-2,1050,wod_score,w025
m108,2026-08-24,-3,1073,wod_score,w025
m093,2026-08-24,-1,1070,wod_score,w025
m081,2026-08-24,-3,1105,wod_score,w025
m105,2026-08-24,-3,1053,wod_score,w025
m059,2026-08-24,0,1132,wod_score,w025
m130,2026-08-24,-1,1028,wod_score,w025
m083,2026-08-24,-1,1101,wod_score,w025
m090,2026-08-24,-7,1085,wod_score,w025
m122,2026-08-24,-7,1052,wod_score,w025
m101,2026-08-24,-6,1103,wod_score,w025
m110,2026-08-24,-5,1058,wod_score,w025
m096,2026-08-24,-5,1078,wod_score,w025
m115,2026-08-24,-4,1044,wod_score,w025
m133,2026-08-24,-12,962,wod_score,w025
m013,2026-08-24,-10,1149,wod_score,w025
m142,2026-08-24,-10,1024,wod_score,w025
m148,2026-08-24,-12,927,wod_score,w025
m010,2026-08-25,12,1256,wod_score,w026
m027,2026-08-25,8,1178,wod_score,w026
m017,2026-08-25,9,1218,wod_score,w026
m009,2026-08-25,12,1239,wod_score,w026
m067,2026-08-25,11,1119,wod_score,w026
m080,2026-08-25,4,1099,wod_score,w026
m034,2026-08-25,7,1137,wod_score,w026
m065,2026-08-25,7,1129,wod_score,w026
m060,2026-08-25,4,1145,wod_score,w026
m030,2026-08-25,5,1186,wod_score,w026
m104,2026-08-25,6,1069,wod_score,w026
m064,2026-08-25,7,1133,wod_score,w026
m033,2026-08-25,1,1178,wod_score,w026
m056,2026-08-25,2,1152,wod_score,w026
m029,2026-08-25,3,1194,wod_score,w026
m047,2026-08-25,0,1167,wod_score,w026
m020,2026-08-25,3,1213,wod_score,w026
m135,2026-08-25,0,974,wod_score,w026
m095,2026-08-25,0,1088,wod_score,w026
m026,2026-08-25,2,1207,wod_score,w026
m106,2026-08-25,3,1074,wod_score,w026
m115,2026-08-25,0,1044,wod_score,w026
m059,2026-08-25,2,1134,wod_score,w026
m054,2026-08-25,3,1140,wod_score,w026
m140,2026-08-25,3,972,wod_score,w026
m062,2026-08-25,0,1157,wod_score,w026
m076,2026-08-25,-2,1146,wod_score,w026
m052,2026-08-25,0,1140,wod_score,w026
m096,2026-08-25,-1,1077,wod_score,w026
m045,2026-08-25,-3,1162,wod_score,w026
m089,2026-08-25,-3,1079,wod_score,w026
m138,2026-08-25,-1,1009,wod_score,w026
m139,2026-08-25,-2,964,wod_score,w026
m093,2026-08-25,-3,1067,wod_score,w026
m066,2026-08-25,0,1174,wod_score,w026
m088,2026-08-25,0,1096,wod_score,w026
m121,2026-08-25,-1,1021,wod_score,w026
m053,2026-08-25,-4,1152,wod_score,w026
m098,2026-08-25,-7,1072,wod_score,w026
m146,2026-08-25,-6,938,wod_score,w026
m084,2026-08-25,-6,1120,wod_score,w026
m101,2026-08-25,-4,1099,wod_score,w026
m092,2026-08-25,-4,1070,wod_score,w026
m118,2026-08-25,-7,1039,wod_score,w026
m145,2026-08-25,-5,937,wod_score,w026
m137,2026-08-25,-12,1019,wod_score,w026
m100,2026-08-25,-9,1073,wod_score,w026
m122,2026-08-25,-12,1040,wod_score,w026
m130,2026-08-25,-8,1020,wod_score,w026
m129,2026-08-25,-11,1022,wod_score,w026
m002,2026-08-26,12,1361,wod_score,w027
m005,2026-08-26,11,1249,wod_score,w027
m006,2026-08-26,12,1219,wod_score,w027
m007,2026-08-26,7,1270,wod_score,w027
m012,2026-08-26,7,1286,wod_score,w027
m021,2026-08-26,7,1193,wod_score,w027
m010,2026-08-26,6,1262,wod_score,w027
m015,2026-08-26,4,1240,wod_score,w027
m040,2026-08-26,6,1166,wod_score,w027
m014,2026-08-26,2,1224,wod_score,w027
m076,2026-08-26,0,1146,wod_score,w027
m027,2026-08-26,0,1178,wod_score,w027
m067,2026-08-26,3,1122,wod_score,w027
m090,2026-08-26,3,1088,wod_score,w027
m033,2026-08-26,0,1178,wod_score,w027
m053,2026-08-26,2,1154,wod_score,w027
m043,2026-08-26,3,1171,wod_score,w027
m089,2026-08-26,2,1081,wod_score,w027
m116,2026-08-26,0,1042,wod_score,w027
m077,2026-08-26,-3,1119,wod_score,w027
m085,2026-08-26,-3,1105,wod_score,w027
m028,2026-08-26,-2,1196,wod_score,w027
m123,2026-08-26,0,1030,wod_score,w027
m071,2026-08-26,-3,1061,wod_score,w027
m081,2026-08-26,-1,1104,wod_score,w027
m118,2026-08-26,-2,1037,wod_score,w027
m108,2026-08-26,-3,1070,wod_score,w027
m060,2026-08-26,-1,1144,wod_score,w027
m112,2026-08-26,-1,1048,wod_score,w027
m117,2026-08-26,-7,1029,wod_score,w027
m130,2026-08-26,-7,1013,wod_score,w027
m122,2026-08-26,-7,1033,wod_score,w027
m111,2026-08-26,-7,1044,wod_score,w027
m056,2026-08-26,-4,1148,wod_score,w027
m101,2026-08-26,-7,1092,wod_score,w027
m144,2026-08-26,-11,939,wod_score,w027
m133,2026-08-26,-11,951,wod_score,w027
m128,2026-08-26,-9,1047,wod_score,w027
m136,2026-08-26,-9,992,wod_score,w027
m017,2026-08-27,11,1229,wod_score,w028
m009,2026-08-27,10,1249,wod_score,w028
m004,2026-08-27,4,1274,wod_score,w028
m011,2026-08-27,7,1208,wod_score,w028
m044,2026-08-27,4,1159,wod_score,w028
m042,2026-08-27,2,1156,wod_score,w028
m027,2026-08-27,1,1179,wod_score,w028
m121,2026-08-27,1,1022,wod_score,w028
m089,2026-08-27,3,1084,wod_score,w028
m103,2026-08-27,3,1059,wod_score,w028
m050,2026-08-27,2,1119,wod_score,w028
m114,2026-08-27,-1,1035,wod_score,w028
m060,2026-08-27,-1,1143,wod_score,w028
m138,2026-08-27,0,1009,wod_score,w028
m113,2026-08-27,-1,1045,wod_score,w028
m124,2026-08-27,-1,1011,wod_score,w028
m100,2026-08-27,-5,1068,wod_score,w028
m108,2026-08-27,-7,1063,wod_score,w028
m109,2026-08-27,-6,1055,wod_score,w028
m137,2026-08-27,-11,1008,wod_score,w028
m142,2026-08-27,-12,1012,wod_score,w028
m148,2026-08-27,-12,915,wod_score,w028
m030,2026-08-28,12,1198,wod_score,w029
m003,2026-08-28,8,1317,wod_score,w029
m120,2026-08-28,12,1034,wod_score,w029
m052,2026-08-28,5,1145,wod_score,w029
m008,2026-08-28,5,1258,wod_score,w029
m046,2026-08-28,4,1097,wod_score,w029
m099,2026-08-28,4,1061,wod_score,w029
m019,2026-08-28,5,1222,wod_score,w029
m040,2026-08-28,6,1172,wod_score,w029
m096,2026-08-28,3,1080,wod_score,w029
m023,2026-08-28,2,1182,wod_score,w029
m017,2026-08-28,2,1231,wod_score,w029
m026,2026-08-28,0,1207,wod_score,w029
m033,2026-08-28,0,1178,wod_score,w029
m107,2026-08-28,0,1050,wod_score,w029
m139,2026-08-28,0,964,wod_score,w029
m021,2026-08-28,3,1196,wod_score,w029
m031,2026-08-28,2,1189,wod_score,w029
m103,2026-08-28,1,1060,wod_score,w029
m112,2026-08-28,-1,1047,wod_score,w029
m104,2026-08-28,-1,1068,wod_score,w029
m110,2026-08-28,-2,1056,wod_score,w029
m109,2026-08-28,-2,1053,wod_score,w029
m118,2026-08-28,-2,1035,wod_score,w029
m119,2026-08-28,-2,1053,wod_score,w029
m149,2026-08-28,0,948,wod_score,w029
m126,2026-08-28,-2,1013,wod_score,w029
m105,2026-08-28,-2,1051,wod_score,w029
m045,2026-08-28,-4,1158,wod_score,w029
m132,2026-08-28,-4,990,wod_score,w029
m133,2026-08-28,-5,946,wod_score,w029
m082,2026-08-28,-5,1127,wod_score,w029
m097,2026-08-28,-7,1075,wod_score,w029
m137,2026-08-28,-7,1001,wod_score,w029
m140,2026-08-28,-8,964,wod_score,w029
m150,2026-08-28,-9,944,wod_score,w029
m130,2026-08-28,-11,1002,wod_score,w029
m129,2026-08-28,-9,1013,wod_score,w029
m140,2026-08-31,23,987,match_win,t005-wb001
m079,2026-08-31,-23,1093,match_loss,t005-wb001
m013,2026-08-31,17,1166,match_win,t005-wb002
m066,2026-08-31,-17,1157,match_loss,t005-wb002
m032,2026-08-31,8,1152,match_win,t005-wb003
m147,2026-08-31,-8,946,match_loss,t005-wb003
m017,2026-08-31,15,1246,match_win,t005-wb004
m026,2026-08-31,-15,1192,match_loss,t005-wb004
m013,2026-08-31,8,1174,match_win,t005-wb005
m140,2026-08-31,-8,979,match_loss,t005-wb005
m032,2026-08-31,20,1172,match_win,t005-wb006
m017,2026-08-31,-20,1226,match_loss,t005-wb006
m013,2026-08-31,16,1190,match_win,t005-wb007
m032,2026-08-31,-16,1156,match_loss,t005-wb007
m079,2026-08-31,19,1112,match_win,t005-lb001
m066,2026-08-31,-19,1138,match_loss,t005-lb001
m026,2026-08-31,6,1198,match_win,t005-lb002
m147,2026-08-31,-6,940,match_loss,t005-lb002
m017,2026-08-31,11,1237,match_win,t005-lb003
m079,2026-08-31,-11,1101,match_loss,t005-lb003
m026,2026-08-31,7,1205,match_win,t005-lb004
m140,2026-08-31,-7,972,match_loss,t005-lb004
m032,2026-08-31,18,1174,match_win,t005-lb005
m026,2026-08-31,-18,1187,match_loss,t005-lb005
m004,2026-08-31,9,1283,wod_score,w031
m030,2026-08-31,8,1206,wod_score,w031
m008,2026-08-31,11,1269,wod_score,w031
m021,2026-08-31,9,1205,wod_score,w031
m027,2026-08-31,7,1186,wod_score,w031
m002,2026-08-31,5,1366,wod_score,w031
m005,2026-08-31,4,1253,wod_score,w031
m011,2026-08-31,5,1213,wod_score,w031
m046,2026-08-31,7,1104,wod_score,w031
m022,2026-08-31,7,1215,wod_score,w031
m028,2026-08-31,6,1202,wod_score,w031
m018,2026-08-31,2,1204,wod_score,w031
m009,2026-08-31,0,1249,wod_score,w031
m040,2026-08-31,3,1175,wod_score,w031
m036,2026-08-31,3,1184,wod_score,w031
m023,2026-08-31,3,1185,wod_score,w031
m020,2026-08-31,3,1216,wod_score,w031
m013,2026-08-31,3,1193,wod_score,w031
m082,2026-08-31,1,1128,wod_score,w031
m031,2026-08-31,3,1192,wod_score,w031
m081,2026-08-31,2,1106,wod_score,w031
m048,2026-08-31,1,1115,wod_score,w031
m038,2026-08-31,0,1182,wod_score,w031
m077,2026-08-31,-2,1117,wod_score,w031
m119,2026-08-31,-3,1050,wod_score,w031
m114,2026-08-31,-3,1032,wod_score,w031
m112,2026-08-31,-2,1045,wod_score,w031
m072,2026-08-31,-2,1123,wod_score,w031
m109,2026-08-31,-2,1051,wod_score,w031
m067,2026-08-31,-2,1120,wod_score,w031
m074,2026-08-31,0,1121,wod_score,w031
m090,2026-08-31,-2,1086,wod_score,w031
m068,2026-08-31,-1,1141,wod_score,w031
m066,2026-08-31,-6,1132,wod_score,w031
m120,2026-08-31,-4,1030,wod_score,w031
m121,2026-08-31,-4,1018,wod_score,w031
m130,2026-08-31,-4,998,wod_score,w031
m143,2026-08-31,-7,929,wod_score,w031
m131,2026-08-31,-6,1038,wod_score,w031
m136,2026-08-31,-5,987,wod_score,w031
m137,2026-08-31,-10,991,wod_score,w031
m127,2026-08-31,-12,1013,wod_score,w031
m142,2026-08-31,-12,1000,wod_score,w031
m147,2026-08-31,-11,929,wod_score,w031
m146,2026-08-31,-11,927,wod_score,w031
m001,2026-09-01,12,1389,wod_score,w032
m020,2026-09-01,10,1226,wod_score,w032
m014,2026-09-01,12,1236,wod_score,w032
m004,2026-09-01,12,1295,wod_score,w032
m026,2026-09-01,8,1195,wod_score,w032
m017,2026-09-01,4,1241,wod_score,w032
m010,2026-09-01,7,1269,wod_score,w032
m035,2026-09-01,5,1174,wod_score,w032
m002,2026-09-01,5,1371,wod_score,w032
m008,2026-09-01,5,1274,wod_score,w032
m042,2026-09-01,7,1163,wod_score,w032
m048,2026-09-01,4,1119,wod_score,w032
m012,2026-09-01,3,1289,wod_score,w032
m034,2026-09-01,3,1140,wod_score,w032
m023,2026-09-01,2,1187,wod_score,w032
m019,2026-09-01,1,1223,wod_score,w032
m063,2026-09-01,0,1115,wod_score,w032
m029,2026-09-01,2,1196,wod_score,w032
m046,2026-09-01,1,1105,wod_score,w032
m098,2026-09-01,2,1074,wod_score,w032
m050,2026-09-01,2,1121,wod_score,w032
m052,2026-09-01,2,1147,wod_score,w032
m057,2026-09-01,1,1134,wod_score,w032
m073,2026-09-01,1,1124,wod_score,w032
m076,2026-09-01,2,1148,wod_score,w032
m056,2026-09-01,-3,1145,wod_score,w032
m081,2026-09-01,-1,1105,wod_score,w032
m065,2026-09-01,-3,1126,wod_score,w032
m031,2026-09-01,0,1192,wod_score,w032
m090,2026-09-01,0,1086,wod_score,w032
m044,2026-09-01,-1,1158,wod_score,w032
m025,2026-09-01,-2,1199,wod_score,w032
m049,2026-09-01,0,1184,wod_score,w032
m054,2026-09-01,-3,1137,wod_score,w032
m130,2026-09-01,0,998,wod_score,w032
m055,2026-09-01,0,1147,wod_score,w032
m096,2026-09-01,-3,1077,wod_score,w032
m107,2026-09-01,0,1050,wod_score,w032
m123,2026-09-01,-4,1026,wod_score,w032
m111,2026-09-01,-5,1039,wod_score,w032
m097,2026-09-01,-7,1068,wod_score,w032
m100,2026-09-01,-4,1064,wod_score,w032
m138,2026-09-01,-4,1005,wod_score,w032
m143,2026-09-01,-7,922,wod_score,w032
m113,2026-09-01,-6,1039,wod_score,w032
m088,2026-09-01,-9,1087,wod_score,w032
m133,2026-09-01,-11,935,wod_score,w032
m084,2026-09-01,-11,1109,wod_score,w032
m101,2026-09-01,-8,1084,wod_score,w032
m108,2026-09-01,-12,1051,wod_score,w032
m139,2026-09-01,-8,956,wod_score,w032
m005,2026-09-02,12,1265,wod_score,w033
m014,2026-09-02,8,1244,wod_score,w033
m011,2026-09-02,5,1218,wod_score,w033
m017,2026-09-02,7,1248,wod_score,w033
m057,2026-09-02,5,1139,wod_score,w033
m060,2026-09-02,0,1143,wod_score,w033
m055,2026-09-02,0,1147,wod_score,w033
m067,2026-09-02,2,1122,wod_score,w033
m079,2026-09-02,3,1104,wod_score,w033
m074,2026-09-02,0,1121,wod_score,w033
m076,2026-09-02,-2,1146,wod_score,w033
m022,2026-09-02,-1,1214,wod_score,w033
m095,2026-09-02,-3,1085,wod_score,w033
m052,2026-09-02,-2,1145,wod_score,w033
m125,2026-09-02,-1,1027,wod_score,w033
m133,2026-09-02,-7,928,wod_score,w033
m053,2026-09-02,-7,1147,wod_score,w033
m143,2026-09-02,-7,915,wod_score,w033
m137,2026-09-02,-11,980,wod_score,w033
m134,2026-09-02,-11,970,wod_score,w033
m140,2026-09-02,-8,964,wod_score,w033
m149,2026-09-03,20,968,match_win,t002-wb001
m122,2026-09-03,-20,1013,match_loss,t002-wb001
m013,2026-09-03,14,1207,match_win,t002-wb002
m076,2026-09-03,-14,1132,match_loss,t002-wb002
m012,2026-09-03,9,1298,match_win,t002-wb003
m048,2026-09-03,-9,1110,match_loss,t002-wb003
m070,2026-09-03,18,1129,match_win,t002-wb004
m062,2026-09-03,-18,1139,match_loss,t002-wb004
m030,2026-09-03,10,1216,match_win,t002-wb005
m104,2026-09-03,-10,1058,match_loss,t002-wb005
m068,2026-09-03,12,1153,match_win,t002-wb006
m128,2026-09-03,-12,1035,match_loss,t002-wb006
m071,2026-09-03,19,1080,match_win,t002-wb007
m078,2026-09-03,-19,1114,match_loss,t002-wb007
m034,2026-09-03,18,1158,match_win,t002-wb008
m049,2026-09-03,-18,1166,match_loss,t002-wb008
m006,2026-09-03,8,1227,match_win,t002-wb009
m131,2026-09-03,-8,1030,match_loss,t002-wb009
m083,2026-09-03,26,1127,match_win,t002-wb010
m002,2026-09-03,-26,1345,match_loss,t002-wb010
m005,2026-09-03,12,1277,match_win,t002-wb011
m058,2026-09-03,-12,1167,match_loss,t002-wb011
m061,2026-09-03,7,1134,match_win,t002-wb012
m143,2026-09-03,-7,908,match_loss,t002-wb012
m010,2026-09-03,6,1275,match_win,t002-wb013
m142,2026-09-03,-6,994,match_loss,t002-wb013
m082,2026-09-03,8,1136,match_win,t002-wb014
m133,2026-09-03,-8,920,match_loss,t002-wb014
m011,2026-09-03,5,1223,match_win,t002-wb015
m150,2026-09-03,-5,939,match_loss,t002-wb015
m016,2026-09-03,11,1220,match_win,t002-wb016
m046,2026-09-03,-11,1094,match_loss,t002-wb016
m143,2026-09-03,21,929,match_win,t002-lb001
m131,2026-09-03,-21,1009,match_loss,t002-lb001
m048,2026-09-03,13,1123,match_win,t002-lb002
m128,2026-09-03,-13,1022,match_loss,t002-lb002
m133,2026-09-03,29,949,match_win,t002-lb003
m002,2026-09-03,-29,1316,match_loss,t002-lb003
m046,2026-09-03,19,1113,match_win,t002-lb004
m058,2026-09-03,-19,1148,match_loss,t002-lb004
m049,2026-09-03,9,1175,match_win,t002-lb005
m142,2026-09-03,-9,985,match_loss,t002-lb005
m104,2026-09-03,19,1077,match_win,t002-lb006
m076,2026-09-03,-19,1113,match_loss,t002-lb006
m122,2026-09-03,13,1026,match_win,t002-lb007
m150,2026-09-03,-13,926,match_loss,t002-lb007
m062,2026-09-03,15,1154,match_win,t002-lb008
m078,2026-09-03,-15,1099,match_loss,t002-lb008
m006,2026-09-03,10,1237,wod_score,w034
m023,2026-09-03,10,1197,wod_score,w034
m092,2026-09-03,11,1081,wod_score,w034
m018,2026-09-03,6,1210,wod_score,w034
m003,2026-09-03,7,1324,wod_score,w034
m079,2026-09-03,4,1108,wod_score,w034
m068,2026-09-03,5,1158,wod_score,w034
m021,2026-09-03,6,1211,wod_score,w034
m039,2026-09-03,2,1179,wod_score,w034
m089,2026-09-03,2,1086,wod_score,w034
m025,2026-09-03,1,1200,wod_score,w034
m080,2026-09-03,2,1101,wod_score,w034
m052,2026-09-03,3,1148,wod_score,w034
m074,2026-09-03,3,1124,wod_score,w034
m063,2026-09-03,3,1118,wod_score,w034
m070,2026-09-03,2,1131,wod_score,w034
m042,2026-09-03,0,1163,wod_score,w034
m057,2026-09-03,0,1139,wod_score,w034
m112,2026-09-03,-1,1044,wod_score,w034
m081,2026-09-03,-2,1103,wod_score,w034
m127,2026-09-03,-2,1011,wod_score,w034
m128,2026-09-03,-3,1019,wod_score,w034
m137,2026-09-03,-1,979,wod_score,w034
m104,2026-09-03,-1,1076,wod_score,w034
m123,2026-09-03,-7,1019,wod_score,w034
m140,2026-09-03,-7,957,wod_score,w034
m101,2026-09-03,-7,1077,wod_score,w034
m134,2026-09-03,-7,963,wod_score,w034
m144,2026-09-03,-11,928,wod_score,w034
m131,2026-09-03,-9,1000,wod_score,w034
m149,2026-09-03,-12,956,wod_score,w034
m129,2026-09-03,-12,1001,wod_score,w034
m013,2026-09-04,6,1213,match_win,t002-wb017
m149,2026-09-04,-6,950,match_loss,t002-wb017
m070,2026-09-04,23,1154,match_win,t002-wb018
m012,2026-09-04,-23,1275,match_loss,t002-wb018
m030,2026-09-04,13,1229,match_win,t002-wb019
m068,2026-09-04,-13,1145,match_loss,t002-wb019
m071,2026-09-04,20,1100,match_win,t002-wb020
m034,2026-09-04,-20,1138,match_loss,t002-wb020
m006,2026-09-04,11,1248,match_win,t002-wb021
m083,2026-09-04,-11,1116,match_loss,t002-wb021
m005,2026-09-04,10,1287,match_win,t002-wb022
m061,2026-09-04,-10,1124,match_loss,t002-wb022
m010,2026-09-04,10,1285,match_win,t002-wb023
m082,2026-09-04,-10,1126,match_loss,t002-wb023
m011,2026-09-04,16,1239,match_win,t002-wb024
m016,2026-09-04,-16,1204,match_loss,t002-wb024
m048,2026-09-04,14,1137,match_win,t002-lb009
m104,2026-09-04,-14,1062,match_loss,t002-lb009
m133,2026-09-04,16,965,match_win,t002-lb010
m149,2026-09-04,-16,934,match_loss,t002-lb010
m034,2026-09-04,17,1155,match_win,t002-lb011
m062,2026-09-04,-17,1137,match_loss,t002-lb011
m068,2026-09-04,15,1160,match_win,t002-lb012
m083,2026-09-04,-15,1101,match_loss,t002-lb012
m016,2026-09-04,19,1223,match_win,t002-lb013
m012,2026-09-04,-19,1256,match_loss,t002-lb013
m122,2026-09-04,12,1038,match_win,t002-lb014
m143,2026-09-04,-12,917,match_loss,t002-lb014
m061,2026-09-04,16,1140,match_win,t002-lb015
m082,2026-09-04,-16,1110,match_loss,t002-lb015
m046,2026-09-04,19,1132,match_win,t002-lb016
m049,2026-09-04,-19,1156,match_loss,t002-lb016
m004,2026-09-04,8,1303,wod_score,w035
m046,2026-09-04,11,1143,wod_score,w035
m037,2026-09-04,9,1179,wod_score,w035
m008,2026-09-04,4,1278,wod_score,w035
m071,2026-09-04,6,1106,wod_score,w035
m051,2026-09-04,4,1145,wod_score,w035
m044,2026-09-04,6,1164,wod_score,w035
m029,2026-09-04,7,1203,wod_score,w035
m042,2026-09-04,5,1168,wod_score,w035
m112,2026-09-04,1,1045,wod_score,w035
m054,2026-09-04,1,1138,wod_score,w035
m013,2026-09-04,0,1213,wod_score,w035
m127,2026-09-04,3,1014,wod_score,w035
m062,2026-09-04,3,1140,wod_score,w035
m048,2026-09-04,3,1140,wod_score,w035
m132,2026-09-04,0,990,wod_score,w035
m107,2026-09-04,3,1053,wod_score,w035
m137,2026-09-04,1,980,wod_score,w035
m081,2026-09-04,0,1103,wod_score,w035
m069,2026-09-04,-2,1123,wod_score,w035
m067,2026-09-04,-1,1121,wod_score,w035
m128,2026-09-04,-2,1017,wod_score,w035
m082,2026-09-04,-1,1109,wod_score,w035
m114,2026-09-04,-2,1030,wod_score,w035
m116,2026-09-04,-3,1039,wod_score,w035
m117,2026-09-04,-2,1027,wod_score,w035
m095,2026-09-04,-3,1082,wod_score,w035
m108,2026-09-04,-4,1047,wod_score,w035
m102,2026-09-04,-6,1054,wod_score,w035
m106,2026-09-04,-7,1067,wod_score,w035
m131,2026-09-04,-5,995,wod_score,w035
m097,2026-09-04,-6,1062,wod_score,w035
m101,2026-09-04,-12,1065,wod_score,w035
m142,2026-09-04,-10,975,wod_score,w035
m140,2026-09-04,-12,945,wod_score,w035
m148,2026-09-04,-10,905,wod_score,w035
m013,2026-09-05,13,1226,match_win,t002-wb025
m070,2026-09-05,-13,1141,match_loss,t002-wb025
m071,2026-09-05,21,1127,match_win,t002-wb026
m030,2026-09-05,-21,1208,match_loss,t002-wb026
m006,2026-09-05,18,1266,match_win,t002-wb027
m005,2026-09-05,-18,1269,match_loss,t002-wb027
m011,2026-09-05,18,1257,match_win,t002-wb028
m010,2026-09-05,-18,1267,match_loss,t002-wb028
m133,2026-09-05,24,989,match_win,t002-lb017
m068,2026-09-05,-24,1136,match_loss,t002-lb017
m048,2026-09-05,11,1151,match_win,t002-lb018
m122,2026-09-05,-11,1027,match_loss,t002-lb018
m005,2026-09-05,16,1285,match_win,t002-lb019
m010,2026-09-05,-16,1251,match_loss,t002-lb019
m046,2026-09-05,19,1162,match_win,t002-lb020
m030,2026-09-05,-19,1189,match_loss,t002-lb020
m034,2026-09-05,15,1170,match_win,t002-lb021
m070,2026-09-05,-15,1126,match_loss,t002-lb021
m016,2026-09-05,12,1235,match_win,t002-lb022
m061,2026-09-05,-12,1128,match_loss,t002-lb022
m013,2026-09-07,10,1236,wod_score,w037
m004,2026-09-07,8,1311,wod_score,w037
m027,2026-09-07,10,1196,wod_score,w037
m002,2026-09-07,12,1328,wod_score,w037
m003,2026-09-07,11,1335,wod_score,w037
m023,2026-09-07,10,1207,wod_score,w037
m024,2026-09-07,6,1209,wod_score,w037
m030,2026-09-07,4,1193,wod_score,w037
m018,2026-09-07,6,1216,wod_score,w037
m028,2026-09-07,4,1206,wod_score,w037
m040,2026-09-07,4,1179,wod_score,w037
m069,2026-09-07,7,1130,wod_score,w037
m066,2026-09-07,4,1136,wod_score,w037
m026,2026-09-07,7,1202,wod_score,w037
m025,2026-09-07,7,1207,wod_score,w037
m042,2026-09-07,1,1169,wod_score,w037
m097,2026-09-07,0,1062,wod_score,w037
m057,2026-09-07,2,1141,wod_score,w037
m079,2026-09-07,2,1110,wod_score,w037
m041,2026-09-07,2,1175,wod_score,w037
m009,2026-09-07,2,1251,wod_score,w037
m051,2026-09-07,2,1147,wod_score,w037
m035,2026-09-07,0,1174,wod_score,w037
m021,2026-09-07,0,1211,wod_score,w037
m048,2026-09-07,3,1154,wod_score,w037
m081,2026-09-07,2,1105,wod_score,w037
m059,2026-09-07,0,1134,wod_score,w037
m056,2026-09-07,1,1146,wod_score,w037
m075,2026-09-07,2,1116,wod_score,w037
m084,2026-09-07,0,1109,wod_score,w037
m112,2026-09-07,-1,1044,wod_score,w037
m047,2026-09-07,0,1167,wod_score,w037
m017,2026-09-07,-3,1245,wod_score,w037
m071,2026-09-07,0,1127,wod_score,w037
m083,2026-09-07,0,1101,wod_score,w037
m126,2026-09-07,0,1013,wod_score,w037
m104,2026-09-07,-1,1061,wod_score,w037
m078,2026-09-07,0,1099,wod_score,w037
m117,2026-09-07,-1,1026,wod_score,w037
m131,2026-09-07,-1,994,wod_score,w037
m116,2026-09-07,-3,1036,wod_score,w037
m094,2026-09-07,0,1069,wod_score,w037
m080,2026-09-07,-2,1099,wod_score,w037
m120,2026-09-07,-1,1029,wod_score,w037
m100,2026-09-07,0,1064,wod_score,w037
m090,2026-09-07,-6,1080,wod_score,w037
m123,2026-09-07,-5,1014,wod_score,w037
m068,2026-09-07,-6,1130,wod_score,w037
m095,2026-09-07,-6,1076,wod_score,w037
m130,2026-09-07,-4,994,wod_score,w037
m107,2026-09-07,-4,1049,wod_score,w037
m098,2026-09-07,-4,1070,wod_score,w037
m127,2026-09-07,-4,1010,wod_score,w037
m142,2026-09-07,-5,970,wod_score,w037
m119,2026-09-07,-11,1039,wod_score,w037
m146,2026-09-07,-12,915,wod_score,w037
m145,2026-09-07,-12,925,wod_score,w037
m138,2026-09-07,-12,993,wod_score,w037
m137,2026-09-07,-12,968,wod_score,w037
m143,2026-09-07,-12,905,wod_score,w037
m006,2026-09-07,12,1278,wod_score,w038
m007,2026-09-07,11,1281,wod_score,w038
m027,2026-09-07,10,1206,wod_score,w038
m088,2026-09-07,12,1099,wod_score,w038
m063,2026-09-07,4,1122,wod_score,w038
m065,2026-09-07,5,1131,wod_score,w038
m021,2026-09-07,6,1217,wod_score,w038
m022,2026-09-07,4,1218,wod_score,w038
m075,2026-09-07,7,1123,wod_score,w038
m032,2026-09-07,6,1180,wod_score,w038
m093,2026-09-07,3,1070,wod_score,w038
m044,2026-09-07,1,1165,wod_score,w038
m098,2026-09-07,2,1072,wod_score,w038
m097,2026-09-07,3,1065,wod_score,w038
m066,2026-09-07,0,1136,wod_score,w038
m046,2026-09-07,3,1165,wod_score,w038
m015,2026-09-07,3,1243,wod_score,w038
m121,2026-09-07,1,1019,wod_score,w038
m079,2026-09-07,0,1110,wod_score,w038
m080,2026-09-07,0,1099,wod_score,w038
m059,2026-09-07,0,1134,wod_score,w038
m109,2026-09-07,0,1051,wod_score,w038
m085,2026-09-07,-1,1104,wod_score,w038
m071,2026-09-07,0,1127,wod_score,w038
m060,2026-09-07,-2,1141,wod_score,w038
m100,2026-09-07,-3,1061,wod_score,w038
m028,2026-09-07,0,1206,wod_score,w038
m117,2026-09-07,-3,1023,wod_score,w038
m053,2026-09-07,-1,1146,wod_score,w038
m076,2026-09-07,-3,1110,wod_score,w038
m082,2026-09-07,-5,1104,wod_score,w038
m125,2026-09-07,-4,1023,wod_score,w038
m096,2026-09-07,-5,1072,wod_score,w038
m116,2026-09-07,-7,1029,wod_score,w038
m108,2026-09-07,-6,1041,wod_score,w038
m136,2026-09-07,-5,982,wod_score,w038
m142,2026-09-07,-9,961,wod_score,w038
m115,2026-09-07,-9,1035,wod_score,w038
m139,2026-09-07,-9,947,wod_score,w038
m146,2026-09-07,-10,905,wod_score,w038
m009,2026-09-08,9,1260,wod_score,w039
m006,2026-09-08,9,1287,wod_score,w039
m023,2026-09-08,8,1215,wod_score,w039
m076,2026-09-08,12,1122,wod_score,w039
m013,2026-09-08,10,1246,wod_score,w039
m086,2026-09-08,7,1098,wod_score,w039
m044,2026-09-08,5,1170,wod_score,w039
m085,2026-09-08,4,1108,wod_score,w039
m018,2026-09-08,7,1223,wod_score,w039
m008,2026-09-08,5,1283,wod_score,w039
m051,2026-09-08,4,1151,wod_score,w039
m048,2026-09-08,6,1160,wod_score,w039
m057,2026-09-08,2,1143,wod_score,w039
m016,2026-09-08,2,1237,wod_score,w039
m104,2026-09-08,0,1061,wod_score,w039
m059,2026-09-08,3,1137,wod_score,w039
m130,2026-09-08,1,995,wod_score,w039
m103,2026-09-08,0,1060,wod_score,w039
m046,2026-09-08,1,1166,wod_score,w039
m097,2026-09-08,2,1067,wod_score,w039
m033,2026-09-08,1,1179,wod_score,w039
m102,2026-09-08,2,1056,wod_score,w039
m091,2026-09-08,1,1078,wod_score,w039
m127,2026-09-08,0,1010,wod_score,w039
m093,2026-09-08,3,1073,wod_score,w039
m055,2026-09-08,-2,1145,wod_score,w039
m088,2026-09-08,-2,1097,wod_score,w039
m080,2026-09-08,0,1099,wod_score,w039
m060,2026-09-08,-3,1138,wod_score,w039
m036,2026-09-08,-1,1183,wod_score,w039
m058,2026-09-08,-3,1145,wod_score,w039
m084,2026-09-08,-1,1108,wod_score,w039
m068,2026-09-08,-2,1128,wod_score,w039
m095,2026-09-08,-3,1073,wod_score,w039
m043,2026-09-08,-3,1168,wod_score,w039
m119,2026-09-08,-1,1038,wod_score,w039
m107,2026-09-08,-3,1046,wod_score,w039
m109,2026-09-08,-1,1050,wod_score,w039
m118,2026-09-08,-7,1028,wod_score,w039
m133,2026-09-08,-6,983,wod_score,w039
m126,2026-09-08,-5,1008,wod_score,w039
m101,2026-09-08,-5,1060,wod_score,w039
m136,2026-09-08,-7,975,wod_score,w039
m069,2026-09-08,-7,1123,wod_score,w039
m128,2026-09-08,-7,1010,wod_score,w039
m112,2026-09-08,-8,1036,wod_score,w039
m150,2026-09-08,-11,915,wod_score,w039
m147,2026-09-08,-11,918,wod_score,w039
m106,2026-09-08,-11,1056,wod_score,w039
m142,2026-09-08,-9,952,wod_score,w039
m132,2026-09-08,-9,981,wod_score,w039
m005,2026-09-09,11,1296,wod_score,w041
m002,2026-09-09,10,1338,wod_score,w041
m063,2026-09-09,9,1131,wod_score,w041
m006,2026-09-09,11,1298,wod_score,w041
m004,2026-09-09,5,1316,wod_score,w041
m078,2026-09-09,6,1105,wod_score,w041
m087,2026-09-09,7,1096,wod_score,w041
m026,2026-09-09,7,1209,wod_score,w041
m033,2026-09-09,4,1183,wod_score,w041
m050,2026-09-09,4,1125,wod_score,w041
m045,2026-09-09,2,1160,wod_score,w041
m036,2026-09-09,0,1183,wod_score,w041
m042,2026-09-09,0,1169,wod_score,w041
m090,2026-09-09,2,1082,wod_score,w041
m048,2026-09-09,0,1160,wod_score,w041
m067,2026-09-09,2,1123,wod_score,w041
m025,2026-09-09,0,1207,wod_score,w041
m053,2026-09-09,1,1147,wod_score,w041
m099,2026-09-09,1,1062,wod_score,w041
m061,2026-09-09,3,1131,wod_score,w041
m069,2026-09-09,0,1123,wod_score,w041
m059,2026-09-09,-1,1136,wod_score,w041
m120,2026-09-09,-3,1026,wod_score,w041
m111,2026-09-09,-1,1038,wod_score,w041
m140,2026-09-09,0,945,wod_score,w041
m070,2026-09-09,-2,1124,wod_score,w041
m130,2026-09-09,-1,994,wod_score,w041
m091,2026-09-09,-3,1075,wod_score,w041
m115,2026-09-09,-2,1033,wod_score,w041
m075,2026-09-09,-3,1120,wod_score,w041
m083,2026-09-09,0,1101,wod_score,w041
m068,2026-09-09,-6,1122,wod_score,w041
m109,2026-09-09,-5,1045,wod_score,w041
m085,2026-09-09,-6,1102,wod_score,w041
m135,2026-09-09,-5,969,wod_score,w041
m114,2026-09-09,-5,1025,wod_score,w041
m110,2026-09-09,-6,1050,wod_score,w041
m113,2026-09-09,-8,1031,wod_score,w041
m127,2026-09-09,-11,999,wod_score,w041
m147,2026-09-09,-9,909,wod_score,w041
m150,2026-09-09,-10,905,wod_score,w041
m149,2026-09-09,-11,923,wod_score,w041
m001,2026-09-10,8,1397,wod_score,w043
m032,2026-09-10,12,1192,wod_score,w043
m050,2026-09-10,12,1137,wod_score,w043
m019,2026-09-10,7,1230,wod_score,w043
m011,2026-09-10,5,1262,wod_score,w043
m007,2026-09-10,5,1286,wod_score,w043
m013,2026-09-10,6,1252,wod_score,w043
m080,2026-09-10,5,1104,wod_score,w043
m068,2026-09-10,4,1126,wod_score,w043
m070,2026-09-10,1,1125,wod_score,w043
m041,2026-09-10,2,1177,wod_score,w043
m045,2026-09-10,3,1163,wod_score,w043
m089,2026-09-10,2,1088,wod_score,w043
m067,2026-09-10,2,1125,wod_score,w043
m043,2026-09-10,3,1171,wod_score,w043
m026,2026-09-10,0,1209,wod_score,w043
m057,2026-09-10,1,1144,wod_score,w043
m061,2026-09-10,1,1132,wod_score,w043
m071,2026-09-10,-2,1125,wod_score,w043
m101,2026-09-10,-3,1057,wod_score,w043
m072,2026-09-10,-3,1120,wod_score,w043
m137,2026-09-10,-2,966,wod_score,w043
m100,2026-09-10,0,1061,wod_score,w043
m063,2026-09-10,0,1131,wod_score,w043
m122,2026-09-10,-3,1024,wod_score,w043
m105,2026-09-10,0,1051,wod_score,w043
m130,2026-09-10,-3,991,wod_score,w043
m115,2026-09-10,-7,1026,wod_score,w043
m126,2026-09-10,-4,1004,wod_score,w043
m088,2026-09-10,-6,1091,wod_score,w043
m119,2026-09-10,-4,1034,wod_score,w043
m147,2026-09-10,-4,905,wod_score,w043
m125,2026-09-10,-6,1017,wod_score,w043
m138,2026-09-10,-11,982,wod_score,w043
m145,2026-09-10,-11,914,wod_score,w043
m144,2026-09-10,-12,916,wod_score,w043
m142,2026-09-10,-11,941,wod_score,w043
m005,2026-09-10,10,1306,wod_score,w044
m001,2026-09-10,10,1407,wod_score,w044
m009,2026-09-10,9,1269,wod_score,w044
m018,2026-09-10,10,1233,wod_score,w044
m050,2026-09-10,11,1148,wod_score,w044
m007,2026-09-10,7,1293,wod_score,w044
m034,2026-09-10,4,1174,wod_score,w044
m081,2026-09-10,6,1111,wod_score,w044
m059,2026-09-10,7,1143,wod_score,w044
m114,2026-09-10,5,1030,wod_score,w044
m054,2026-09-10,6,1144,wod_score,w044
m042,2026-09-10,4,1173,wod_score,w044
m025,2026-09-10,0,1207,wod_score,w044
m029,2026-09-10,3,1206,wod_score,w044
m055,2026-09-10,1,1146,wod_score,w044
m037,2026-09-10,3,1182,wod_score,w044
m016,2026-09-10,1,1238,wod_score,w044
m097,2026-09-10,1,1068,wod_score,w044
m073,2026-09-10,1,1125,wod_score,w044
m058,2026-09-10,0,1145,wod_score,w044
m134,2026-09-10,3,966,wod_score,w044
m061,2026-09-10,2,1134,wod_score,w044
m051,2026-09-10,0,1151,wod_score,w044
m039,2026-09-10,1,1180,wod_score,w044
m069,2026-09-10,1,1124,wod_score,w044
m011,2026-09-10,-1,1261,wod_score,w044
m085,2026-09-10,-1,1101,wod_score,w044
m098,2026-09-10,-3,1069,wod_score,w044
m130,2026-09-10,-2,989,wod_score,w044
m021,2026-09-10,0,1217,wod_score,w044
m028,2026-09-10,0,1206,wod_score,w044
m022,2026-09-10,-1,1217,wod_score,w044
m123,2026-09-10,-3,1011,wod_score,w044
m057,2026-09-10,0,1144,wod_score,w044
m035,2026-09-10,-1,1173,wod_score,w044
m124,2026-09-10,-2,1009,wod_score,w044
m105,2026-09-10,0,1051,wod_score,w044
m086,2026-09-10,-6,1092,wod_score,w044
m062,2026-09-10,-7,1133,wod_score,w044
m137,2026-09-10,-6,960,wod_score,w044
m103,2026-09-10,-6,1054,wod_score,w044
m118,2026-09-10,-5,1023,wod_score,w044
m138,2026-09-10,-4,978,wod_score,w044
m092,2026-09-10,-5,1076,wod_score,w044
m132,2026-09-10,-7,974,wod_score,w044
m129,2026-09-10,-11,990,wod_score,w044
m110,2026-09-10,-10,1040,wod_score,w044
m131,2026-09-10,-9,985,wod_score,w044
m128,2026-09-10,-11,999,wod_score,w044
m149,2026-09-10,-10,913,wod_score,w044
m008,2026-09-11,10,1293,wod_score,w045
m033,2026-09-11,8,1191,wod_score,w045
m035,2026-09-11,11,1184,wod_score,w045
m013,2026-09-11,10,1262,wod_score,w045
m010,2026-09-11,11,1262,wod_score,w045
m067,2026-09-11,7,1132,wod_score,w045
m015,2026-09-11,6,1249,wod_score,w045
m012,2026-09-11,5,1261,wod_score,w045
m080,2026-09-11,4,1108,wod_score,w045
m094,2026-09-11,5,1074,wod_score,w045
m072,2026-09-11,4,1124,wod_score,w045
m078,2026-09-11,7,1112,wod_score,w045
m062,2026-09-11,4,1137,wod_score,w045
m027,2026-09-11,0,1206,wod_score,w045
m009,2026-09-11,3,1272,wod_score,w045
m019,2026-09-11,1,1231,wod_score,w045
m091,2026-09-11,1,1076,wod_score,w045
m034,2026-09-11,3,1177,wod_score,w045
m007,2026-09-11,2,1295,wod_score,w045
m106,2026-09-11,0,1056,wod_score,w045
m083,2026-09-11,2,1103,wod_score,w045
m021,2026-09-11,0,1217,wod_score,w045
m063,2026-09-11,2,1133,wod_score,w045
m049,2026-09-11,2,1158,wod_score,w045
m088,2026-09-11,2,1093,wod_score,w045
m093,2026-09-11,2,1075,wod_score,w045
m076,2026-09-11,-2,1120,wod_score,w045
m107,2026-09-11,-2,1044,wod_score,w045
m074,2026-09-11,-3,1121,wod_score,w045
m040,2026-09-11,-1,1178,wod_score,w045
m079,2026-09-11,-1,1109,wod_score,w045
m105,2026-09-11,-1,1050,wod_score,w045
m131,2026-09-11,-3,982,wod_score,w045
m073,2026-09-11,-3,1122,wod_score,w045
m125,2026-09-11,-3,1014,wod_score,w045
m089,2026-09-11,-2,1086,wod_score,w045
m051,2026-09-11,-3,1148,wod_score,w045
m066,2026-09-11,-1,1135,wod_score,w045
m137,2026-09-11,-1,959,wod_score,w045
m084,2026-09-11,-5,1103,wod_score,w045
m119,2026-09-11,-4,1030,wod_score,w045
m135,2026-09-11,-5,964,wod_score,w045
m109,2026-09-11,-6,1039,wod_score,w045
m116,2026-09-11,-6,1023,wod_score,w045
m104,2026-09-11,-7,1054,wod_score,w045
m122,2026-09-11,-5,1019,wod_score,w045
m144,2026-09-11,-11,905,wod_score,w045
m138,2026-09-11,-11,967,wod_score,w045
m133,2026-09-11,-10,973,wod_score,w045
m149,2026-09-11,-8,905,wod_score,w045
m142,2026-09-11,-12,929,wod_score,w045
m145,2026-09-11,-9,905,wod_score,w045
m014,2026-09-12,12,1256,wod_score,w047
m009,2026-09-12,11,1283,wod_score,w047
m021,2026-09-12,8,1225,wod_score,w047
m005,2026-09-12,5,1311,wod_score,w047
m045,2026-09-12,6,1169,wod_score,w047
m034,2026-09-12,7,1184,wod_score,w047
m016,2026-09-12,7,1245,wod_score,w047
m086,2026-09-12,6,1098,wod_score,w047
m025,2026-09-12,3,1210,wod_score,w047
m061,2026-09-12,1,1135,wod_score,w047
m057,2026-09-12,1,1145,wod_score,w047
m024,2026-09-12,2,1211,wod_score,w047
m068,2026-09-12,1,1127,wod_score,w047
m054,2026-09-12,2,1146,wod_score,w047
m065,2026-09-12,1,1132,wod_score,w047
m069,2026-09-12,3,1127,wod_score,w047
m097,2026-09-12,3,1071,wod_score,w047
m062,2026-09-12,-3,1134,wod_score,w047
m133,2026-09-12,-2,971,wod_score,w047
m066,2026-09-12,-3,1132,wod_score,w047
m110,2026-09-12,-1,1039,wod_score,w047
m048,2026-09-12,0,1160,wod_score,w047
m115,2026-09-12,-2,1024,wod_score,w047
m081,2026-09-12,-3,1108,wod_score,w047
m131,2026-09-12,-1,981,wod_score,w047
m106,2026-09-12,-7,1049,wod_score,w047
m122,2026-09-12,-6,1013,wod_score,w047
m120,2026-09-12,-6,1020,wod_score,w047
m126,2026-09-12,-4,1000,wod_score,w047
m128,2026-09-12,-6,993,wod_score,w047
m125,2026-09-12,-12,1002,wod_score,w047
m138,2026-09-12,-11,956,wod_score,w047
m136,2026-09-12,-12,963,wod_score,w047
m119,2026-09-12,-8,1022,wod_score,w047
