member_ref,email,pseudo,role,elo,tier,rang,victoires,matchs,streak,wods_total,reservations_total,formule,seances_cible_semaine,is_demo_account,nom_complet
m001,m001@demo.athlexapp.eu,Anna Lefèvre,coach,1407,Elite,1,0,0,0,64,31,2x/sem,2,false,Anna Lefèvre
m002,m002@demo.athlexapp.eu,Diego B.,coach,1338,RX+,2,0,2,1,89,109,2x/sem,2,false,Diego B.
m003,m003@demo.athlexapp.eu,Amir Morin,member,1335,RX+,3,0,0,1,168,43,2x/sem,2,false,Amir Morin
m004,m004@demo.athlexapp.eu,Gabriel Renard,member,1316,RX+,4,0,0,1,122,169,1x/sem,1,false,Gabriel Renard
m005,m005@demo.athlexapp.eu,Eva Michel,coach,1311,RX+,5,3,4,0,61,18,3x/sem,3,false,Eva Michel
m006,m006@demo.athlexapp.eu,Célia G.,member,1298,RX+,6,8,8,3,35,80,illimité,4,false,Célia G.
m007,m007@demo.athlexapp.eu,Chloé M.,member,1295,RX+,7,0,0,4,102,135,3x/sem,3,false,Chloé M.
m008,m008@demo.athlexapp.eu,Florian Thomas,member,1293,RX+,8,1,3,4,62,98,3x/sem,3,false,Florian Thomas
m009,m009@demo.athlexapp.eu,Chloé Robin,member,1283,RX+,9,0,0,0,44,96,3x/sem,3,false,Chloé Robin
m010,m010@demo.athlexapp.eu,Sacha Marchand,member,1262,RX,10,2,4,6,114,11,3x/sem,3,false,Sacha Marchand
m013,nbstylz+appledemo@gmail.com,Camille Roux,member,1262,RX,11,10,11,6,87,64,illimité,4,true,Camille Roux
m011,m011@demo.athlexapp.eu,Malo Garnier,member,1261,RX,12,3,3,1,128,182,1x/sem,1,false,Malo Garnier
m012,m012@demo.athlexapp.eu,Karim Vincent,member,1261,RX,13,1,3,0,147,96,2x/sem,2,false,Karim Vincent
m014,m014@demo.athlexapp.eu,Chloé Rousseau,member,1256,RX,14,0,0,0,149,219,3x/sem,3,false,Chloé Rousseau
m015,m015@demo.athlexapp.eu,Alice R.,member,1249,RX,15,0,0,4,137,99,illimité,4,false,Alice R.
m016,m016@demo.athlexapp.eu,Faustine Roussel,member,1245,RX,16,3,4,0,78,210,3x/sem,3,false,Faustine Roussel
m017,m017@demo.athlexapp.eu,Clara Robert,member,1245,RX,17,2,3,4,142,16,illimité,4,false,Clara Robert
m018,m018@demo.athlexapp.eu,Eva Bernard,member,1233,RX,18,4,6,6,119,143,3x/sem,3,false,Eva Bernard
m019,m019@demo.athlexapp.eu,Lola Durand,member,1231,RX,19,3,5,2,149,173,2x/sem,2,false,Lola Durand
m020,m020@demo.athlexapp.eu,Sacha Lopez,member,1226,RX,20,0,0,4,175,127,illimité,4,false,Sacha Lopez
m021,m021@demo.athlexapp.eu,Mehdi Mercier,member,1225,RX,21,0,0,1,140,46,1x/sem,1,false,Mehdi Mercier
m022,m022@demo.athlexapp.eu,Hugo Martin,member,1217,RX,22,2,4,0,184,6,3x/sem,3,false,Hugo Martin
m023,m023@demo.athlexapp.eu,Enzo Benali,member,1215,RX,23,0,0,2,51,187,3x/sem,3,false,Enzo Benali
m024,m024@demo.athlexapp.eu,Emma Morel,member,1211,RX,24,0,0,6,75,30,2x/sem,2,false,Emma Morel
m025,m025@demo.athlexapp.eu,Malo Simon,member,1210,RX,25,0,0,4,102,106,3x/sem,3,false,Malo Simon
m026,m026@demo.athlexapp.eu,Mila Rossi,member,1209,RX,26,2,4,1,28,180,3x/sem,3,false,Mila Rossi
m027,m027@demo.athlexapp.eu,Anaïs F.,member,1206,RX,27,0,0,4,58,123,3x/sem,3,false,Anaïs F.
m028,m028@demo.athlexapp.eu,Raphaël B.,member,1206,RX,28,0,0,3,67,26,2x/sem,2,false,Raphaël B.
m029,m029@demo.athlexapp.eu,Lucie Aubert,member,1206,RX,29,0,0,0,179,42,2x/sem,2,false,Lucie Aubert
m030,m030@demo.athlexapp.eu,Jade Lambert,member,1193,RX,30,2,4,0,28,206,2x/sem,2,false,Jade Lambert
m031,m031@demo.athlexapp.eu,Romane Barbier,member,1192,RX,31,0,0,1,114,26,3x/sem,3,false,Romane Barbier
m032,m032@demo.athlexapp.eu,Amir Lefebvre,member,1192,RX,32,3,4,4,36,14,3x/sem,3,false,Amir Lefebvre
m033,m033@demo.athlexapp.eu,Thibault Durand,member,1191,RX,33,0,0,3,88,206,3x/sem,3,false,Thibault Durand
m034,m034@demo.athlexapp.eu,Alice Perrin,member,1184,RX,34,3,4,0,96,166,2x/sem,2,false,Alice Perrin
m035,m035@demo.athlexapp.eu,Lina Henry,member,1184,RX,35,1,3,0,55,237,2x/sem,2,false,Lina Henry
m036,m036@demo.athlexapp.eu,Tom Gauthier,member,1183,RX,36,2,4,0,140,50,2x/sem,2,false,Tom Gauthier
m037,m037@demo.athlexapp.eu,Antoine Gérard,member,1182,RX,37,3,5,8,5,135,illimité,4,false,Antoine Gérard
m038,m038@demo.athlexapp.eu,Adam Rossi,member,1182,RX,38,3,3,0,73,86,illimité,4,false,Adam Rossi
m039,m039@demo.athlexapp.eu,Mila Joly,member,1180,RX,39,0,0,6,47,140,illimité,4,false,Mila Joly
m040,m040@demo.athlexapp.eu,Lucie Dubois,member,1178,RX,40,0,0,0,109,25,3x/sem,3,false,Lucie Dubois
m041,m041@demo.athlexapp.eu,Alice Lambert,member,1177,RX,41,3,6,2,64,132,3x/sem,3,false,Alice Lambert
m042,m042@demo.athlexapp.eu,Faustine Dubois,member,1173,RX,42,0,0,1,127,213,2x/sem,2,false,Faustine Dubois
m043,m043@demo.athlexapp.eu,Ilan C.,member,1171,RX,43,0,0,8,64,194,3x/sem,3,false,Ilan C.
m044,m044@demo.athlexapp.eu,Baptiste F.,member,1170,RX,44,0,0,3,78,178,1x/sem,1,false,Baptiste F.
m045,m045@demo.athlexapp.eu,Eva Duval,member,1169,RX,45,0,0,2,9,35,illimité,4,false,Eva Duval
m047,m047@demo.athlexapp.eu,Lucie Roche,member,1167,RX,46,0,0,3,162,89,3x/sem,3,false,Lucie Roche
m046,m046@demo.athlexapp.eu,Océane Da Silva,member,1166,RX,47,5,8,0,130,114,2x/sem,2,false,Océane Da Silva
m048,m048@demo.athlexapp.eu,Antoine C.,member,1160,RX,48,3,4,0,33,70,3x/sem,3,false,Antoine C.
m049,m049@demo.athlexapp.eu,Hugo Ferreira,member,1158,RX,49,3,7,0,170,153,3x/sem,3,false,Hugo Ferreira
m050,m050@demo.athlexapp.eu,Anaïs Mercier,member,1148,RX,50,0,0,1,154,156,3x/sem,3,false,Anaïs Mercier
m051,m051@demo.athlexapp.eu,Louis Gautier,member,1148,RX,51,0,0,6,114,121,illimité,4,false,Louis Gautier
m052,m052@demo.athlexapp.eu,Adam Nguyen,member,1148,RX,52,0,2,2,162,170,3x/sem,3,false,Adam Nguyen
m053,m053@demo.athlexapp.eu,Mathis C.,member,1147,RX,53,0,0,4,32,35,2x/sem,2,false,Mathis C.
m054,m054@demo.athlexapp.eu,Anna Girard,member,1146,RX,54,4,6,1,181,150,2x/sem,2,false,Anna Girard
m055,m055@demo.athlexapp.eu,Yanis Rousseau,member,1146,RX,55,0,0,5,35,138,2x/sem,2,false,Yanis Rousseau
m056,m056@demo.athlexapp.eu,Mathis Dupont,member,1146,RX,56,0,0,0,72,153,3x/sem,3,false,Mathis Dupont
m057,m057@demo.athlexapp.eu,Sarah Masson,member,1145,RX,57,0,0,0,187,9,2x/sem,2,false,Sarah Masson
m058,m058@demo.athlexapp.eu,Lucas Nicolas,member,1145,RX,58,0,2,3,69,195,2x/sem,2,false,Lucas Nicolas
m059,m059@demo.athlexapp.eu,Gabriel Leroy,member,1143,RX,59,0,0,0,137,239,2x/sem,2,false,Gabriel Leroy
m060,m060@demo.athlexapp.eu,Ethan Moreau,member,1138,RX,60,0,0,3,175,26,2x/sem,2,false,Ethan Moreau
m061,m061@demo.athlexapp.eu,Agathe Da Silva,member,1135,RX,61,8,13,5,138,12,1x/sem,1,false,Agathe Da Silva
m062,m062@demo.athlexapp.eu,Théo Blanc,member,1134,RX,62,6,9,2,119,70,3x/sem,3,false,Théo Blanc
m063,m063@demo.athlexapp.eu,Lucie Gérard,member,1133,RX,63,0,0,5,86,111,illimité,4,false,Lucie Gérard
m064,m064@demo.athlexapp.eu,Ambre Clément,member,1133,RX,64,0,0,4,164,10,2x/sem,2,false,Ambre Clément
m065,m065@demo.athlexapp.eu,Louise A.,member,1132,RX,65,0,2,8,117,60,3x/sem,3,false,Louise A.
m066,m066@demo.athlexapp.eu,Kylian Morel,member,1132,RX,66,3,7,2,73,226,illimité,4,false,Kylian Morel
m067,m067@demo.athlexapp.eu,Antoine M.,member,1132,RX,67,0,0,1,81,28,3x/sem,3,false,Antoine M.
m068,m068@demo.athlexapp.eu,Eva L.,member,1127,RX,68,2,4,2,9,39,2x/sem,2,false,Eva L.
m069,m069@demo.athlexapp.eu,Louis G.,member,1127,RX,69,0,0,0,134,82,1x/sem,1,false,Louis G.
m070,m070@demo.athlexapp.eu,Ilan Faure,member,1125,RX,70,2,4,2,114,102,2x/sem,2,false,Ilan Faure
m071,m071@demo.athlexapp.eu,Raphaël H.,member,1125,RX,71,3,3,4,110,112,2x/sem,2,false,Raphaël H.
m072,m072@demo.athlexapp.eu,Kylian Garcia,member,1124,RX,72,2,4,3,93,87,2x/sem,2,false,Kylian Garcia
m073,m073@demo.athlexapp.eu,Marius Benali,member,1122,RX,73,0,0,1,88,135,2x/sem,2,false,Marius Benali
m074,m074@demo.athlexapp.eu,Marius Roger,member,1121,RX,74,0,0,0,167,203,3x/sem,3,false,Marius Roger
m075,m075@demo.athlexapp.eu,Lina Rousseau,member,1120,RX,75,1,3,2,57,96,3x/sem,3,false,Lina Rousseau
m076,m076@demo.athlexapp.eu,Victor Roche,member,1120,RX,76,0,2,1,109,82,illimité,4,false,Victor Roche
m077,m077@demo.athlexapp.eu,Amir Nguyen,member,1117,Inter,77,0,2,1,40,127,3x/sem,3,false,Amir Nguyen
m078,m078@demo.athlexapp.eu,Raphaël Robert,member,1112,Inter,78,5,8,4,147,25,3x/sem,3,false,Raphaël Robert
m079,m079@demo.athlexapp.eu,Florian S.,member,1109,Inter,79,1,3,0,99,232,2x/sem,2,false,Florian S.
m080,m080@demo.athlexapp.eu,Mila Mathieu,member,1108,Inter,80,0,0,1,49,44,2x/sem,2,false,Mila Mathieu
m081,m081@demo.athlexapp.eu,Iris François,member,1108,Inter,81,1,3,1,71,207,2x/sem,2,false,Iris François
m082,m082@demo.athlexapp.eu,Lucas Joly,member,1104,Inter,82,1,3,1,39,54,2x/sem,2,false,Lucas Joly
m083,m083@demo.athlexapp.eu,Victor Bonnet,member,1103,Inter,83,1,3,6,87,177,2x/sem,2,false,Victor Bonnet
m084,m084@demo.athlexapp.eu,Alice David,member,1103,Inter,84,0,0,1,20,170,2x/sem,2,false,Alice David
m085,m085@demo.athlexapp.eu,Iris Simon,member,1101,Inter,85,0,0,2,107,125,illimité,4,false,Iris Simon
m086,m086@demo.athlexapp.eu,Maëlle Dumont,member,1098,Inter,86,0,0,1,122,55,3x/sem,3,false,Maëlle Dumont
m087,m087@demo.athlexapp.eu,Inès Robin,member,1096,Inter,87,0,0,2,88,103,3x/sem,3,false,Inès Robin
m088,m088@demo.athlexapp.eu,Romane Durand,member,1093,Inter,88,0,0,8,41,219,3x/sem,3,false,Romane Durand
m089,m089@demo.athlexapp.eu,Iris Vincent,member,1086,Inter,89,0,0,0,133,56,3x/sem,3,false,Iris Vincent
m090,m090@demo.athlexapp.eu,Simon B.,member,1082,Inter,90,0,0,5,96,201,2x/sem,2,false,Simon B.
m091,m091@demo.athlexapp.eu,Karim M.,member,1076,Inter,91,0,0,8,36,64,1x/sem,1,false,Karim M.
m092,m092@demo.athlexapp.eu,Faustine Boyer,member,1076,Inter,92,0,0,8,102,133,2x/sem,2,false,Faustine Boyer
m093,m093@demo.athlexapp.eu,Clara Masson,member,1075,Inter,93,0,0,0,16,24,2x/sem,2,false,Clara Masson
m094,m094@demo.athlexapp.eu,Marius Roche,member,1074,Inter,94,0,2,2,177,76,2x/sem,2,false,Marius Roche
m095,m095@demo.athlexapp.eu,Mila Henry,member,1073,Inter,95,0,0,4,7,148,illimité,4,false,Mila Henry
m096,m096@demo.athlexapp.eu,Paul Robin,member,1072,Inter,96,0,0,2,37,71,2x/sem,2,false,Paul Robin
m097,m097@demo.athlexapp.eu,Maëlle Chevalier,member,1071,Inter,97,0,0,4,110,142,3x/sem,3,false,Maëlle Chevalier
m098,m098@demo.athlexapp.eu,Inès Rousseau,member,1069,Inter,98,0,0,4,95,66,2x/sem,2,false,Inès Rousseau
m099,m099@demo.athlexapp.eu,Juliette Faure,member,1062,Inter,99,1,3,6,60,197,3x/sem,3,false,Juliette Faure
m100,m100@demo.athlexapp.eu,Anaïs M.,member,1061,Inter,100,0,0,8,182,59,3x/sem,3,false,Anaïs M.
m101,m101@demo.athlexapp.eu,Lucie P.,member,1057,Inter,101,2,4,2,160,205,3x/sem,3,false,Lucie P.
m102,m102@demo.athlexapp.eu,Hugo Masson,member,1056,Inter,102,0,0,5,81,205,3x/sem,3,false,Hugo Masson
m103,m103@demo.athlexapp.eu,Malo Lemaire,member,1054,Inter,103,0,0,3,124,222,2x/sem,2,false,Malo Lemaire
m104,m104@demo.athlexapp.eu,Ludivine Haddad,member,1054,Inter,104,1,3,2,79,51,2x/sem,2,false,Ludivine Haddad
m105,m105@demo.athlexapp.eu,Antoine Lefèvre,member,1050,Inter,105,0,0,1,59,17,illimité,4,false,Antoine Lefèvre
m106,m106@demo.athlexapp.eu,Rémi Robert,member,1049,Inter,106,0,0,3,168,81,illimité,4,false,Rémi Robert
m107,m107@demo.athlexapp.eu,Camille Perrin,member,1044,Inter,107,0,0,1,148,103,2x/sem,2,false,Camille Perrin
m108,m108@demo.athlexapp.eu,Antoine Nicolas,member,1041,Inter,108,0,0,3,44,78,2x/sem,2,false,Antoine Nicolas
m109,m109@demo.athlexapp.eu,Paul Guérin,member,1039,Inter,109,1,3,1,106,161,3x/sem,3,false,Paul Guérin
m110,m110@demo.athlexapp.eu,Léa Fontaine,member,1039,Inter,110,0,2,3,162,121,3x/sem,3,false,Léa Fontaine
m111,m111@demo.athlexapp.eu,Romane Leroy,member,1038,Inter,111,0,0,8,179,116,2x/sem,2,false,Romane Leroy
m112,m112@demo.athlexapp.eu,Lucie Haddad,member,1036,Inter,112,0,0,8,40,24,3x/sem,3,false,Lucie Haddad
m113,m113@demo.athlexapp.eu,Anna Simon,member,1031,Inter,113,0,0,2,120,17,illimité,4,false,Anna Simon
m114,m114@demo.athlexapp.eu,Agathe Muller,member,1030,Inter,114,0,0,8,68,45,2x/sem,2,false,Agathe Muller
m115,m115@demo.athlexapp.eu,Maxime L.,member,1024,Inter,115,0,0,6,174,184,2x/sem,2,false,Maxime L.
m116,m116@demo.athlexapp.eu,Chloé H.,member,1023,Inter,116,0,0,1,13,109,3x/sem,3,false,Chloé H.
m117,m117@demo.athlexapp.eu,Ethan Durand,member,1023,Inter,117,0,0,5,149,126,3x/sem,3,false,Ethan Durand
m118,m118@demo.athlexapp.eu,Mehdi M.,member,1023,Inter,118,0,0,1,176,140,3x/sem,3,false,Mehdi M.
m119,m119@demo.athlexapp.eu,Mehdi Ferreira,member,1022,Inter,119,0,0,0,150,154,illimité,4,false,Mehdi Ferreira
m120,m120@demo.athlexapp.eu,Maxime Dumont,member,1020,Inter,120,0,0,0,68,223,2x/sem,2,false,Maxime Dumont
m121,m121@demo.athlexapp.eu,Emma Girard,member,1019,Inter,121,1,3,1,102,44,2x/sem,2,false,Emma Girard
m122,m122@demo.athlexapp.eu,Amir Rousseau,member,1013,Inter,122,3,7,0,108,127,3x/sem,3,false,Amir Rousseau
m123,m123@demo.athlexapp.eu,Noah François,member,1011,Inter,123,0,0,2,157,186,1x/sem,1,false,Noah François
m124,m124@demo.athlexapp.eu,Tom Mathieu,member,1009,Inter,124,0,0,0,109,187,3x/sem,3,false,Tom Mathieu
m125,m125@demo.athlexapp.eu,Diego Da Silva,member,1002,Inter,125,0,0,1,24,69,2x/sem,2,false,Diego Da Silva
m126,m126@demo.athlexapp.eu,Clara Ferreira,member,1000,Inter,126,0,0,3,7,196,2x/sem,2,false,Clara Ferreira
m127,m127@demo.athlexapp.eu,Lina B.,member,999,Scaled,127,0,0,2,187,53,3x/sem,3,false,Lina B.
m128,m128@demo.athlexapp.eu,Manon Garcia,member,993,Scaled,128,0,2,1,90,24,3x/sem,3,false,Manon Garcia
m129,m129@demo.athlexapp.eu,Ilan Gauthier,member,990,Scaled,129,0,0,8,136,171,1x/sem,1,false,Ilan Gauthier
m130,m130@demo.athlexapp.eu,Sarah R.,member,989,Scaled,130,0,0,1,48,114,illimité,4,false,Sarah R.
m131,m131@demo.athlexapp.eu,Salomé François,member,981,Scaled,131,0,2,8,73,80,3x/sem,3,false,Salomé François
m132,m132@demo.athlexapp.eu,Chloé Morel,member,974,Scaled,132,0,0,2,45,174,1x/sem,1,false,Chloé Morel
m133,m133@demo.athlexapp.eu,Clara Legrand,member,971,Scaled,133,3,4,5,75,89,illimité,4,false,Clara Legrand
m134,m134@demo.athlexapp.eu,Élise Dubois,member,966,Scaled,134,0,0,0,172,189,2x/sem,2,false,Élise Dubois
m135,m135@demo.athlexapp.eu,Justine Carpentier,member,964,Scaled,135,0,0,2,170,141,2x/sem,2,false,Justine Carpentier
m136,m136@demo.athlexapp.eu,Inès Blanc,member,963,Scaled,136,1,3,6,140,222,3x/sem,3,false,Inès Blanc
m137,m137@demo.athlexapp.eu,Camille Bouchard,member,959,Scaled,137,0,0,2,77,121,2x/sem,2,false,Camille Bouchard
m138,m138@demo.athlexapp.eu,Clara David,member,956,Scaled,138,0,2,4,41,190,2x/sem,2,false,Clara David
m139,m139@demo.athlexapp.eu,Charlotte Boyer,member,947,Scaled,139,0,2,5,114,154,2x/sem,2,false,Charlotte Boyer
m140,m140@demo.athlexapp.eu,Clara L.,member,945,Scaled,140,1,5,2,74,165,2x/sem,2,false,Clara L.
m141,m141@demo.athlexapp.eu,Lina Lopez,member,935,Scaled,141,0,0,2,165,81,1x/sem,1,false,Lina Lopez
m142,m142@demo.athlexapp.eu,Yanis D.,member,929,Scaled,142,0,2,0,123,104,2x/sem,2,false,Yanis D.
m143,m143@demo.athlexapp.eu,Iris P.,member,905,Scaled,143,1,3,5,32,179,2x/sem,2,false,Iris P.
m144,m144@demo.athlexapp.eu,Margot Lefèvre,member,905,Scaled,144,0,0,1,172,116,illimité,4,false,Margot Lefèvre
m145,m145@demo.athlexapp.eu,Agathe Boyer,member,905,Scaled,145,0,2,3,150,203,2x/sem,2,false,Agathe Boyer
m146,m146@demo.athlexapp.eu,Théo Laurent,member,905,Scaled,146,0,0,5,28,192,3x/sem,3,false,Théo Laurent
m147,m147@demo.athlexapp.eu,Charlotte Muller,member,905,Scaled,147,0,4,0,122,38,1x/sem,1,false,Charlotte Muller
m148,m148@demo.athlexapp.eu,Inès Martin,member,905,Scaled,148,0,0,6,138,12,3x/sem,3,false,Inès Martin
m149,m149@demo.athlexapp.eu,Justine B.,member,905,Scaled,149,3,7,4,49,159,3x/sem,3,false,Justine B.
m150,m150@demo.athlexapp.eu,Ilan Meunier,member,905,Scaled,150,0,2,1,123,107,1x/sem,1,false,Ilan Meunier
